"timestamp","date time","EcIo","RSCP"
1494491570.174985,"11/05/2017 16:32:50"," 134d3"," -7"," -94"
1494491571.6849496,"11/05/2017 16:32:51"," 134d3"," -8"," -95"
1494491573.1949053,"11/05/2017 16:32:53"," 134d3"," -9"," -95"
1494491574.7061205,"11/05/2017 16:32:54"," 134d3"," -10"," -89"
1494491576.2204146,"11/05/2017 16:32:56"," 134d3"," -13"," -92"
1494491577.7255127,"11/05/2017 16:32:57"," 134d3"," -13"," -89"
1494491579.227727,"11/05/2017 16:32:59"," 134d3"," -13"," -90"
1494491580.743187,"11/05/2017 16:33:00"," 134d3"," -12"," -88"
1494491582.250229,"11/05/2017 16:33:02"," 134d3"," -13"," -90"
1494491583.75449,"11/05/2017 16:33:03"," 134d3"," -13"," -92"
1494491585.2775404,"11/05/2017 16:33:05"," 134d3"," -13"," -93"
1494491586.7949727,"11/05/2017 16:33:06"," 134d3"," -13"," -95"
1494491588.3204541,"11/05/2017 16:33:08"," 134d3"," -13"," -93"
1494491589.8372777,"11/05/2017 16:33:09"," 134d3"," -9"," -94"
1494491591.3557637,"11/05/2017 16:33:11"," 134d3"," -7"," -92"
1494491592.8688724,"11/05/2017 16:33:12"," 134d3"," -6"," -89"
1494491594.3959403,"11/05/2017 16:33:14"," 134d3"," -7"," -91"
1494491595.9164896,"11/05/2017 16:33:15"," fffff"," -11"," -96"
1494491597.4435189,"11/05/2017 16:33:17"," 134d3"," -10"," -95"
1494491598.965708,"11/05/2017 16:33:18"," 134d3"," -8"," -93"
1494491600.4837532,"11/05/2017 16:33:20"," 134d3"," -11"," -94"
1494491602.001154,"11/05/2017 16:33:22"," 134d3"," -15"," -97"
1494491603.5215387,"11/05/2017 16:33:23"," 134d3"," -11"," -97"
1494491605.0461974,"11/05/2017 16:33:25"," 134d3"," -11"," -96"
1494491606.5689514,"11/05/2017 16:33:26"," 134d3"," -8"," -93"
1494491608.08049,"11/05/2017 16:33:28"," 134d3"," -13"," -96"
1494491609.5859888,"11/05/2017 16:33:29"," 134d3"," -13"," -94"
1494491611.1019342,"11/05/2017 16:33:31"," 134d3"," -9"," -93"
1494491612.6175141,"11/05/2017 16:33:32"," 134d3"," -13"," -95"
1494491614.1244001,"11/05/2017 16:33:34"," 134d3"," -13"," -93"
1494491615.6474643,"11/05/2017 16:33:35"," 134d3"," -6"," -92"
1494491617.1552324,"11/05/2017 16:33:37"," 134d3"," -13"," -95"
1494491618.6602046,"11/05/2017 16:33:38"," 134d3"," -12"," -95"
1494491620.1727545,"11/05/2017 16:33:40"," 134d3"," -12"," -90"
1494491621.6855314,"11/05/2017 16:33:41"," 134d3"," -12"," -89"
1494491623.19025,"11/05/2017 16:33:43"," 134d3"," -12"," -90"
1494491624.7027862,"11/05/2017 16:33:44"," 134d3"," -13"," -92"
1494491626.216732,"11/05/2017 16:33:46"," 134d3"," -7"," -92"
1494491627.7310154,"11/05/2017 16:33:47"," 134d3"," -13"," -93"
1494491629.244297,"11/05/2017 16:33:49"," 134d3"," -13"," -93"
1494491630.758743,"11/05/2017 16:33:50"," 134d3"," -13"," -94"
1494491632.26986,"11/05/2017 16:33:52"," 134d3"," -13"," -92"
1494491633.7780416,"11/05/2017 16:33:53"," 134d3"," -13"," -91"
1494491635.2903202,"11/05/2017 16:33:55"," 134d3"," -13"," -91"
1494491636.8042996,"11/05/2017 16:33:56"," 134d3"," -13"," -91"
1494491638.3153443,"11/05/2017 16:33:58"," 134d3"," -13"," -92"
1494491639.8291013,"11/05/2017 16:33:59"," 134d3"," -12"," -99"
1494491641.3413324,"11/05/2017 16:34:01"," 134d3"," -14"," -101"
1494491642.8531334,"11/05/2017 16:34:02"," 134d3"," -12"," -96"
1494491644.3639932,"11/05/2017 16:34:04"," 134d3"," -13"," -100"
1494491645.876354,"11/05/2017 16:34:05"," 134d3"," -13"," -99"
1494491647.387079,"11/05/2017 16:34:07"," 134d3"," -12"," -98"
1494491648.9324229,"11/05/2017 16:34:08"," 134d3"," -15"," -106"
1494491650.4823759,"11/05/2017 16:34:10"," 134d3"," -12"," -96"
1494491652.0330722,"11/05/2017 16:34:12"," 134d3"," -7"," -99"
1494491653.5714672,"11/05/2017 16:34:13"," 134d3"," -11"," -98"
1494491655.1153452,"11/05/2017 16:34:15"," 134d3"," -12"," -96"
1494491656.6520903,"11/05/2017 16:34:16"," 134d3"," -12"," -96"
1494491658.1766818,"11/05/2017 16:34:18"," 134d3"," -12"," -95"
1494491659.7899432,"11/05/2017 16:34:19"," 134d3"," -4"," -96"
1494491661.3024921,"11/05/2017 16:34:21"," 134d3"," -13"," -98"
1494491662.8176384,"11/05/2017 16:34:22"," 134d3"," -13"," -98"
1494491664.337828,"11/05/2017 16:34:24"," 134d3"," -13"," -99"
1494491665.855765,"11/05/2017 16:34:25"," 134d3"," -12"," -98"
1494491667.377349,"11/05/2017 16:34:27"," 134d3"," -12"," -97"
1494491668.8867164,"11/05/2017 16:34:28"," 134d3"," -12"," -99"
1494491670.3973453,"11/05/2017 16:34:30"," 134d3"," -12"," -99"
1494491671.9128575,"11/05/2017 16:34:31"," 134d3"," -12"," -96"
1494491673.4267097,"11/05/2017 16:34:33"," 134d3"," -12"," -98"
1494491674.9428637,"11/05/2017 16:34:34"," 134d3"," -11"," -97"
1494491676.447742,"11/05/2017 16:34:36"," 134d3"," -12"," -98"
1494491677.9594219,"11/05/2017 16:34:37"," 134d3"," -12"," -98"
1494491679.4779408,"11/05/2017 16:34:39"," 134d3"," -12"," -99"
1494491680.9855773,"11/05/2017 16:34:40"," 134d3"," -7"," -99"
1494491682.4947915,"11/05/2017 16:34:42"," 134d3"," -12"," -95"
1494491684.001589,"11/05/2017 16:34:44"," 134d3"," -12"," -96"
1494491685.5042422,"11/05/2017 16:34:45"," 134d3"," -13"," -96"
1494491687.0138378,"11/05/2017 16:34:47"," 134d3"," -6"," -97"
1494491688.5297565,"11/05/2017 16:34:48"," 134d3"," -13"," -98"
1494491690.0330656,"11/05/2017 16:34:50"," 134d3"," -13"," -98"
1494491691.5451612,"11/05/2017 16:34:51"," 134d3"," -13"," -98"
1494491693.0576804,"11/05/2017 16:34:53"," 134d3"," -12"," -96"
1494491694.5710757,"11/05/2017 16:34:54"," 134d3"," -12"," -95"
1494491696.0823083,"11/05/2017 16:34:56"," 134d3"," -12"," -94"
1494491697.5941846,"11/05/2017 16:34:57"," 134d3"," -13"," -97"
1494491699.1095383,"11/05/2017 16:34:59"," 134d3"," -13"," -102"
1494491700.6146026,"11/05/2017 16:35:00"," 134d3"," -12"," -97"
1494491702.1210043,"11/05/2017 16:35:02"," 134d3"," -13"," -100"
1494491703.6348693,"11/05/2017 16:35:03"," 134d3"," -10"," -102"
1494491705.1385803,"11/05/2017 16:35:05"," 134d3"," -13"," -98"
1494491706.658277,"11/05/2017 16:35:06"," 134d3"," -13"," -98"
1494491708.171228,"11/05/2017 16:35:08"," 134d3"," -12"," -97"
1494491709.6860228,"11/05/2017 16:35:09"," 134d3"," -13"," -98"
1494491711.2102435,"11/05/2017 16:35:11"," 134d3"," -13"," -98"
1494491712.7121518,"11/05/2017 16:35:12"," 134d3"," -13"," -98"
1494491714.2233944,"11/05/2017 16:35:14"," 134d3"," -12"," -94"
1494491715.734512,"11/05/2017 16:35:15"," 134d3"," -13"," -97"
1494491717.2458875,"11/05/2017 16:35:17"," 134d3"," -13"," -96"
1494491718.7572913,"11/05/2017 16:35:18"," 134d3"," -13"," -96"
1494491720.269837,"11/05/2017 16:35:20"," 134d3"," -13"," -96"
1494491721.7834752,"11/05/2017 16:35:21"," 134d3"," -13"," -97"
1494491723.2959552,"11/05/2017 16:35:23"," 134d3"," -13"," -98"
1494491724.8035607,"11/05/2017 16:35:24"," 134d3"," -13"," -98"
1494491726.3142853,"11/05/2017 16:35:26"," 134d3"," -13"," -97"
1494491727.8264632,"11/05/2017 16:35:27"," 134d3"," -13"," -96"
1494491729.3396273,"11/05/2017 16:35:29"," 134d3"," -12"," -97"
1494491730.8519387,"11/05/2017 16:35:30"," 134d3"," -12"," -96"
1494491732.3610964,"11/05/2017 16:35:32"," 134d3"," -13"," -97"
1494491733.8751009,"11/05/2017 16:35:33"," 134d3"," -13"," -99"
1494491735.3876517,"11/05/2017 16:35:35"," 134d3"," -13"," -100"
1494491736.8990834,"11/05/2017 16:35:36"," 134d3"," -13"," -98"
1494491738.4122465,"11/05/2017 16:35:38"," 134d3"," -13"," -100"
1494491739.9232576,"11/05/2017 16:35:39"," 134d3"," -10"," -103"
1494491741.4357874,"11/05/2017 16:35:41"," 134d3"," -13"," -101"
1494491742.9491932,"11/05/2017 16:35:42"," 134d3"," -13"," -100"
1494491744.4666414,"11/05/2017 16:35:44"," 134d3"," -13"," -99"
1494491745.972648,"11/05/2017 16:35:45"," 134d3"," -13"," -98"
1494491747.4797552,"11/05/2017 16:35:47"," 134d3"," -12"," -99"
1494491748.9851804,"11/05/2017 16:35:48"," 134d3"," -13"," -98"
1494491750.4949095,"11/05/2017 16:35:50"," 134d3"," -10"," -101"
1494491751.9985127,"11/05/2017 16:35:51"," 134d3"," -12"," -98"
1494491753.5036707,"11/05/2017 16:35:53"," 134d3"," -13"," -98"
1494491755.0169246,"11/05/2017 16:35:55"," 134d3"," -13"," -96"
1494491756.5316722,"11/05/2017 16:35:56"," 134d3"," -13"," -97"
1494491758.0345666,"11/05/2017 16:35:58"," 134d3"," -13"," -101"
1494491759.5456219,"11/05/2017 16:35:59"," 134d3"," -8"," -100"
1494491761.0596783,"11/05/2017 16:36:01"," 134d3"," -12"," -97"
1494491762.5680115,"11/05/2017 16:36:02"," 134d3"," -13"," -97"
1494491764.071086,"11/05/2017 16:36:04"," 134d3"," -7"," -98"
1494491765.5904205,"11/05/2017 16:36:05"," 134d3"," -12"," -96"
1494491767.0923772,"11/05/2017 16:36:07"," 134d3"," -12"," -96"
1494491768.6087248,"11/05/2017 16:36:08"," 134d3"," -13"," -97"
1494491770.1149824,"11/05/2017 16:36:10"," 134d3"," -13"," -96"
1494491771.6215904,"11/05/2017 16:36:11"," 134d3"," -13"," -100"
1494491773.1248565,"11/05/2017 16:36:13"," 134d3"," -13"," -99"
1494491774.6407547,"11/05/2017 16:36:14"," 134d3"," -13"," -100"
1494491776.1442997,"11/05/2017 16:36:16"," 134d3"," -12"," -98"
1494491777.6599698,"11/05/2017 16:36:17"," 134d3"," -10"," -103"
1494491779.163021,"11/05/2017 16:36:19"," 134d3"," -13"," -99"
1494491780.6821275,"11/05/2017 16:36:20"," 134d3"," -12"," -98"
1494491782.187269,"11/05/2017 16:36:22"," 134d3"," -12"," -97"
1494491783.6937332,"11/05/2017 16:36:23"," 134d3"," -12"," -99"
1494491785.2022843,"11/05/2017 16:36:25"," 134d3"," -13"," -101"
1494491786.7121363,"11/05/2017 16:36:26"," 134d3"," -12"," -97"
1494491788.2259684,"11/05/2017 16:36:28"," 134d3"," -12"," -100"
1494491789.7371724,"11/05/2017 16:36:29"," 134d3"," -12"," -98"
1494491791.2472384,"11/05/2017 16:36:31"," 134d3"," -12"," -97"
1494491792.7591982,"11/05/2017 16:36:32"," 134d3"," -10"," -97"
1494491794.2812364,"11/05/2017 16:36:34"," 134d3"," -12"," -98"
1494491795.7853837,"11/05/2017 16:36:35"," 134d3"," -12"," -100"
1494491797.3022742,"11/05/2017 16:36:37"," 134d3"," -12"," -100"
1494491798.8146162,"11/05/2017 16:36:38"," 134d3"," -12"," -97"
1494491800.3259614,"11/05/2017 16:36:40"," 134d3"," -12"," -104"
1494491801.8425436,"11/05/2017 16:36:41"," 134d3"," -12"," -99"
1494491803.3464613,"11/05/2017 16:36:43"," 134d3"," -11"," -98"
1494491804.8574677,"11/05/2017 16:36:44"," 134d3"," -12"," -102"
1494491806.377732,"11/05/2017 16:36:46"," 134d3"," -13"," -101"
1494491807.880614,"11/05/2017 16:36:47"," 134d3"," -13"," -99"
1494491809.393264,"11/05/2017 16:36:49"," 134d3"," -13"," -102"
1494491810.9069786,"11/05/2017 16:36:50"," 134d3"," -13"," -104"
1494491812.4181406,"11/05/2017 16:36:52"," 134d3"," -13"," -98"
1494491813.9310834,"11/05/2017 16:36:53"," 134d3"," -12"," -99"
1494491815.4455838,"11/05/2017 16:36:55"," 134d3"," -13"," -99"
1494491816.950008,"11/05/2017 16:36:56"," 134d3"," -11"," -97"
1494491818.4623334,"11/05/2017 16:36:58"," 134d3"," -13"," -101"
1494491819.9754667,"11/05/2017 16:36:59"," 134d3"," -12"," -101"
1494491821.487888,"11/05/2017 16:37:01"," 134d3"," -12"," -100"
1494491822.999978,"11/05/2017 16:37:02"," 134d3"," -12"," -98"
1494491824.5149455,"11/05/2017 16:37:04"," 134d3"," -12"," -100"
1494491826.0185535,"11/05/2017 16:37:06"," 134d3"," -7"," -98"
1494491827.5295925,"11/05/2017 16:37:07"," 134d3"," -13"," -101"
1494491829.0427582,"11/05/2017 16:37:09"," 134d3"," -13"," -104"
1494491830.5549917,"11/05/2017 16:37:10"," 134d3"," -13"," -105"
1494491832.0672245,"11/05/2017 16:37:12"," 134d3"," -13"," -104"
1494491833.5789616,"11/05/2017 16:37:13"," 134d3"," -13"," -101"
1494491835.0874584,"11/05/2017 16:37:15"," 134d3"," -13"," -102"
1494491836.5997937,"11/05/2017 16:37:16"," 134d3"," -13"," -102"
1494491838.1186233,"11/05/2017 16:37:18"," 134d3"," -13"," -100"
1494491839.6291883,"11/05/2017 16:37:19"," 134d3"," -11"," -105"
1494491841.142076,"11/05/2017 16:37:21"," 134d3"," -13"," -102"
1494491842.6543374,"11/05/2017 16:37:22"," 134d3"," -13"," -103"
1494491844.1667461,"11/05/2017 16:37:24"," 134d3"," -14"," -106"
1494491845.67708,"11/05/2017 16:37:25"," 134d3"," -13"," -102"
1494491847.178926,"11/05/2017 16:37:27"," 134d3"," -13"," -101"
1494491848.640609,"11/05/2017 16:37:28"," 134d3"," -13"," -103"
1494491850.1012404,"11/05/2017 16:37:30"," 134d3"," -13"," -104"
1494491851.5763373,"11/05/2017 16:37:31"," 134d3"," -12"," -102"
1494491853.064225,"11/05/2017 16:37:33"," 134d3"," -12"," -102"
1494491854.5437407,"11/05/2017 16:37:34"," 134d3"," -12"," -102"
1494491856.0306463,"11/05/2017 16:37:36"," 134d3"," -10"," -102"
1494491857.51918,"11/05/2017 16:37:37"," 134d3"," -13"," -99"
1494491859.0096552,"11/05/2017 16:37:39"," 134d3"," -13"," -94"
1494491860.5139427,"11/05/2017 16:37:40"," 134d3"," -11"," -98"
1494491862.009156,"11/05/2017 16:37:42"," 134d3"," -8"," -95"
1494491863.5164354,"11/05/2017 16:37:43"," 134d3"," -10"," -92"
1494491865.0176692,"11/05/2017 16:37:45"," 134d3"," -11"," -95"
1494491866.515442,"11/05/2017 16:37:46"," 134d3"," -9"," -92"
1494491868.0145667,"11/05/2017 16:37:48"," 134d3"," -12"," -92"
1494491869.51729,"11/05/2017 16:37:49"," 134d3"," -9"," -94"
1494491871.0253696,"11/05/2017 16:37:51"," 134d3"," -12"," -94"
1494491872.5355453,"11/05/2017 16:37:52"," 134d3"," -12"," -95"
1494491874.0424464,"11/05/2017 16:37:54"," 134d3"," -11"," -93"
1494491875.5519855,"11/05/2017 16:37:55"," 134d3"," -11"," -93"
1494491877.0612066,"11/05/2017 16:37:57"," 134d3"," -12"," -95"
1494491878.5669267,"11/05/2017 16:37:58"," 134d3"," -11"," -94"
1494491880.0739558,"11/05/2017 16:38:00"," 134d3"," -11"," -93"
1494491881.5864046,"11/05/2017 16:38:01"," 134d3"," -11"," -92"
1494491883.0947254,"11/05/2017 16:38:03"," 134d3"," -11"," -93"
1494491884.6064878,"11/05/2017 16:38:04"," 134d3"," -11"," -93"
1494491886.114705,"11/05/2017 16:38:06"," 134d3"," -10"," -90"
1494491887.6328197,"11/05/2017 16:38:07"," 134d3"," -8"," -88"
1494491889.1346114,"11/05/2017 16:38:09"," 134d3"," -11"," -89"
1494491890.6551938,"11/05/2017 16:38:10"," 134d3"," -11"," -91"
1494491892.1661587,"11/05/2017 16:38:12"," 134d3"," -12"," -91"
1494491893.6750216,"11/05/2017 16:38:13"," 134d3"," -11"," -92"
1494491895.1859217,"11/05/2017 16:38:15"," 134d3"," -13"," -95"
1494491896.6956074,"11/05/2017 16:38:16"," 134d3"," -10"," -94"
1494491898.2012239,"11/05/2017 16:38:18"," 134d3"," -11"," -94"
1494491899.7086136,"11/05/2017 16:38:19"," 134d3"," -10"," -95"
1494491901.2137716,"11/05/2017 16:38:21"," 134d3"," -11"," -98"
1494491902.7237763,"11/05/2017 16:38:22"," 134d3"," -10"," -93"
1494491904.2278821,"11/05/2017 16:38:24"," 134d3"," -11"," -91"
1494491905.737429,"11/05/2017 16:38:25"," 134d3"," -10"," -92"
1494491907.2506216,"11/05/2017 16:38:27"," 134d3"," -10"," -95"
1494491908.765607,"11/05/2017 16:38:28"," 134d3"," -9"," -94"
1494491910.2757168,"11/05/2017 16:38:30"," 134d3"," -12"," -93"
1494491911.7885318,"11/05/2017 16:38:31"," 134e4"," -11"," -93"
1494491913.3038967,"11/05/2017 16:38:33"," 134e4"," -11"," -95"
1494491914.8134344,"11/05/2017 16:38:34"," fffff"," -12"," -95"
1494491916.3299627,"11/05/2017 16:38:36"," 134d3"," -10"," -91"
1494491917.8689055,"11/05/2017 16:38:37"," 134d3"," -11"," -92"
1494491919.400984,"11/05/2017 16:38:39"," 134d3"," -11"," -91"
1494491920.9321766,"11/05/2017 16:38:40"," 134d3"," -10"," -90"
1494491922.4591045,"11/05/2017 16:38:42"," 134d3"," -10"," -89"
1494491923.98353,"11/05/2017 16:38:43"," 134d3"," -11"," -91"
1494491925.5040748,"11/05/2017 16:38:45"," 134d3"," -12"," -91"
1494491927.020587,"11/05/2017 16:38:47"," 134d3"," -12"," -91"
1494491928.5307424,"11/05/2017 16:38:48"," 134d3"," -10"," -91"
1494491930.0451767,"11/05/2017 16:38:50"," 134d3"," -9"," -92"
1494491931.5620067,"11/05/2017 16:38:51"," 134d3"," -10"," -90"
1494491933.071652,"11/05/2017 16:38:53"," 134d3"," -8"," -88"
1494491934.5877478,"11/05/2017 16:38:54"," 134d3"," -10"," -93"
1494491936.0974228,"11/05/2017 16:38:56"," 134d3"," -10"," -92"
1494491937.604201,"11/05/2017 16:38:57"," 134d3"," -11"," -91"
1494491939.1241221,"11/05/2017 16:38:59"," 134d3"," -10"," -87"
1494491940.6367311,"11/05/2017 16:39:00"," 134d3"," -12"," -90"
1494491942.1488369,"11/05/2017 16:39:02"," 134d3"," -12"," -90"
1494491943.6572688,"11/05/2017 16:39:03"," 134d3"," -10"," -87"
1494491945.1719031,"11/05/2017 16:39:05"," 134d3"," -13"," -91"
1494491946.6825593,"11/05/2017 16:39:06"," 134d3"," -13"," -92"
1494491948.1962533,"11/05/2017 16:39:08"," 134d3"," -11"," -92"
1494491949.709326,"11/05/2017 16:39:09"," 134d3"," -9"," -96"
1494491951.2227745,"11/05/2017 16:39:11"," 134d3"," -10"," -95"
1494491952.7324011,"11/05/2017 16:39:12"," 134d3"," -11"," -99"
1494491954.2371438,"11/05/2017 16:39:14"," 134d3"," -10"," -97"
1494491955.7522488,"11/05/2017 16:39:15"," 134d3"," -11"," -94"
1494491957.2569327,"11/05/2017 16:39:17"," 134d3"," -11"," -98"
1494491958.767025,"11/05/2017 16:39:18"," 134d3"," -11"," -99"
1494491960.2819493,"11/05/2017 16:39:20"," 134e4"," -11"," -96"
1494491961.866002,"11/05/2017 16:39:21"," 134e4"," -11"," -96"
1494491963.372723,"11/05/2017 16:39:23"," 134d3"," -10"," -98"
1494491964.8855002,"11/05/2017 16:39:24"," 134d3"," -10"," -95"
1494491966.3983388,"11/05/2017 16:39:26"," 134d3"," -10"," -96"
1494491967.91094,"11/05/2017 16:39:27"," 134e4"," -9"," -96"
1494491969.4226494,"11/05/2017 16:39:29"," 134e4"," -9"," -93"
1494491970.9343164,"11/05/2017 16:39:30"," 134e4"," -10"," -91"
1494491972.448627,"11/05/2017 16:39:32"," 134d3"," -8"," -90"
1494491973.9510105,"11/05/2017 16:39:33"," 134d3"," -11"," -92"
1494491975.4706683,"11/05/2017 16:39:35"," 134d3"," -10"," -93"
1494491976.9730191,"11/05/2017 16:39:36"," 134d3"," -11"," -92"
1494491978.4887958,"11/05/2017 16:39:38"," 134d3"," -12"," -94"
1494491979.992095,"11/05/2017 16:39:39"," 134d3"," -13"," -93"
1494491981.5065858,"11/05/2017 16:39:41"," 134d3"," -11"," -93"
1494491983.015258,"11/05/2017 16:39:43"," 134d3"," -11"," -94"
1494491984.5101643,"11/05/2017 16:39:44"," 134d3"," -11"," -92"
1494491985.955909,"11/05/2017 16:39:45"," 134d3"," -10"," -91"
1494491987.4125211,"11/05/2017 16:39:47"," 134d3"," -9"," -92"
1494491988.880236,"11/05/2017 16:39:48"," 134d3"," -9"," -90"
1494491990.353232,"11/05/2017 16:39:50"," 134d3"," -11"," -94"
1494491991.8308783,"11/05/2017 16:39:51"," 134d3"," -11"," -93"
1494491993.3111246,"11/05/2017 16:39:53"," 134d3"," -11"," -93"
1494491994.8017404,"11/05/2017 16:39:54"," 1347c"," -11"," -94"
1494491996.3005214,"11/05/2017 16:39:56"," 1347c"," -14"," -99"
1494491997.7915576,"11/05/2017 16:39:57"," 1347c"," -11"," -93"
1494491999.2934816,"11/05/2017 16:39:59"," 1347c"," -10"," -93"
1494492000.7949057,"11/05/2017 16:40:00"," fffff"," -12"," -93"
1494492002.2972174,"11/05/2017 16:40:02"," fffff"," -12"," -93"
1494492003.8077974,"11/05/2017 16:40:03"," fffff"," -12"," -91"
1494492005.305593,"11/05/2017 16:40:05"," fffff"," -13"," -95"
1494492006.8122919,"11/05/2017 16:40:06"," fffff"," -12"," -95"
1494492008.316652,"11/05/2017 16:40:08"," fffff"," -13"," -99"
1494492009.8154607,"11/05/2017 16:40:09"," fffff"," -11"," -96"
1494492011.3254597,"11/05/2017 16:40:11"," fffff"," -10"," -97"
1494492012.8283873,"11/05/2017 16:40:12"," fffff"," -10"," -94"
1494492014.3387883,"11/05/2017 16:40:14"," fffff"," -11"," -92"
1494492015.8511465,"11/05/2017 16:40:15"," fffff"," -11"," -92"
1494492017.3636382,"11/05/2017 16:40:17"," fffff"," -9"," -94"
1494492018.9213393,"11/05/2017 16:40:18"," fffff"," -13"," -94"
1494492020.4696496,"11/05/2017 16:40:20"," fffff"," -12"," -96"
1494492022.0370276,"11/05/2017 16:40:22"," fffff"," -12"," -97"
1494492023.5777795,"11/05/2017 16:40:23"," fffff"," -9"," -89"
1494492025.105467,"11/05/2017 16:40:25"," fffff"," -12"," -93"
1494492026.62729,"11/05/2017 16:40:26"," fffff"," -10"," -94"
1494492028.1522486,"11/05/2017 16:40:28"," fffff"," -11"," -91"
1494492029.6762958,"11/05/2017 16:40:29"," fffff"," -10"," -92"
1494492031.200192,"11/05/2017 16:40:31"," fffff"," -11"," -91"
1494492032.7127666,"11/05/2017 16:40:32"," fffff"," -11"," -89"
1494492034.2269256,"11/05/2017 16:40:34"," fffff"," -12"," -91"
1494492035.7432466,"11/05/2017 16:40:35"," fffff"," -12"," -92"
1494492037.261367,"11/05/2017 16:40:37"," fffff"," -11"," -95"
1494492038.775046,"11/05/2017 16:40:38"," fffff"," -11"," -93"
1494492040.291084,"11/05/2017 16:40:40"," fffff"," -9"," -92"
1494492041.8045719,"11/05/2017 16:40:41"," fffff"," -9"," -90"
1494492043.32217,"11/05/2017 16:40:43"," fffff"," -10"," -92"
1494492044.8352437,"11/05/2017 16:40:44"," fffff"," -10"," -89"
1494492046.3507323,"11/05/2017 16:40:46"," fffff"," -13"," -94"
1494492047.8634322,"11/05/2017 16:40:47"," fffff"," -13"," -94"
1494492049.3768175,"11/05/2017 16:40:49"," fffff"," -10"," -89"
1494492050.8639011,"11/05/2017 16:40:50"," fffff"," -11"," -89"
1494492052.342564,"11/05/2017 16:40:52"," fffff"," -12"," -87"
1494492053.82208,"11/05/2017 16:40:53"," fffff"," -11"," -94"
1494492055.3074737,"11/05/2017 16:40:55"," fffff"," -8"," -94"
1494492056.7940876,"11/05/2017 16:40:56"," fffff"," -8"," -95"
1494492058.281852,"11/05/2017 16:40:58"," 134e4"," -12"," -97"
1494492059.7733092,"11/05/2017 16:40:59"," fffff"," -14"," -97"
1494492061.2684946,"11/05/2017 16:41:01"," 134d3"," -14"," -93"
1494492062.765617,"11/05/2017 16:41:02"," 134d3"," -8"," -92"
1494492064.271851,"11/05/2017 16:41:04"," 134d3"," -11"," -93"
1494492065.7762287,"11/05/2017 16:41:05"," 134d3"," -14"," -93"
1494492067.271624,"11/05/2017 16:41:07"," 134d3"," -14"," -92"
1494492068.774959,"11/05/2017 16:41:08"," 134d3"," -5"," -91"
1494492070.2893715,"11/05/2017 16:41:10"," 134d3"," -13"," -93"
1494492071.80045,"11/05/2017 16:41:11"," 134d3"," -12"," -90"
1494492073.3131227,"11/05/2017 16:41:13"," 134d3"," -13"," -91"
1494492074.8171966,"11/05/2017 16:41:14"," 1340bc"," -2"," -85"
1494492076.3203297,"11/05/2017 16:41:16"," 1340bc"," -2"," -79"
1494492077.8251503,"11/05/2017 16:41:17"," 1340bc"," -3"," -75"
1494492079.3338716,"11/05/2017 16:41:19"," 1340bc"," -3"," -70"
1494492080.8390179,"11/05/2017 16:41:20"," 1340bc"," -7"," -69"
1494492082.4183533,"11/05/2017 16:41:22"," 1340bc"," -8"," -67"
1494492083.9911973,"11/05/2017 16:41:23"," 1340bc"," -11"," -68"
1494492085.5559123,"11/05/2017 16:41:25"," 1340bc"," -4"," -69"
1494492087.115736,"11/05/2017 16:41:27"," 1340bc"," -5"," -69"
1494492088.6627662,"11/05/2017 16:41:28"," 1340bc"," -13"," -69"
1494492090.202886,"11/05/2017 16:41:30"," 1340bc"," -13"," -69"
1494492091.7400153,"11/05/2017 16:41:31"," 1340bc"," -13"," -69"
1494492093.272011,"11/05/2017 16:41:33"," 1340bc"," -13"," -71"
1494492094.7974706,"11/05/2017 16:41:34"," 1340bc"," -6"," -69"
1494492096.3240898,"11/05/2017 16:41:36"," 1340bc"," -5"," -69"
1494492097.8456538,"11/05/2017 16:41:37"," 1340bc"," -4"," -70"
1494492099.3654373,"11/05/2017 16:41:39"," 1340bc"," -13"," -71"
1494492100.8826852,"11/05/2017 16:41:40"," 1340bc"," -13"," -71"
1494492102.3950026,"11/05/2017 16:41:42"," 1340bc"," -13"," -71"
1494492103.907179,"11/05/2017 16:41:43"," 1340bc"," -6"," -71"
1494492105.4165769,"11/05/2017 16:41:45"," 1340bc"," -13"," -73"
1494492106.9319897,"11/05/2017 16:41:46"," 1340bc"," -13"," -83"
1494492108.445309,"11/05/2017 16:41:48"," 1340bc"," -12"," -83"
1494492109.9568157,"11/05/2017 16:41:49"," 1340bc"," -6"," -81"
1494492111.4713583,"11/05/2017 16:41:51"," 1340bc"," -10"," -89"
1494492112.9828703,"11/05/2017 16:41:52"," 1340bc"," -13"," -86"
1494492114.5003674,"11/05/2017 16:41:54"," 1340bc"," -13"," -85"
1494492116.012085,"11/05/2017 16:41:56"," 1340bc"," -13"," -83"
1494492117.5254965,"11/05/2017 16:41:57"," 134d3"," -13"," -98"
1494492119.0333316,"11/05/2017 16:41:59"," 134d3"," -12"," -97"
1494492120.541106,"11/05/2017 16:42:00"," 134d3"," -12"," -98"
1494492122.043208,"11/05/2017 16:42:02"," 134d3"," -13"," -99"
1494492123.5650241,"11/05/2017 16:42:03"," 134d3"," -11"," -96"
1494492125.0671515,"11/05/2017 16:42:05"," 134d3"," -12"," -98"
1494492126.5818348,"11/05/2017 16:42:06"," 134d3"," -11"," -96"
1494492128.0881763,"11/05/2017 16:42:08"," 134d3"," -13"," -97"
1494492129.599803,"11/05/2017 16:42:09"," 134d3"," -12"," -97"
1494492131.1144822,"11/05/2017 16:42:11"," 134d3"," -12"," -96"
1494492132.62068,"11/05/2017 16:42:12"," 134d3"," -12"," -96"
1494492134.1332014,"11/05/2017 16:42:14"," 134d3"," -13"," -96"
1494492135.6443467,"11/05/2017 16:42:15"," 134d3"," -13"," -99"
1494492137.1559484,"11/05/2017 16:42:17"," 134d3"," -12"," -102"
1494492138.6683009,"11/05/2017 16:42:18"," 134d3"," -12"," -97"
1494492140.1800246,"11/05/2017 16:42:20"," 134d3"," -10"," -98"
1494492141.6912808,"11/05/2017 16:42:21"," 134d3"," -11"," -98"
1494492143.2045007,"11/05/2017 16:42:23"," 134d3"," -10"," -99"
1494492144.7174027,"11/05/2017 16:42:24"," 134d3"," -10"," -97"
1494492146.22877,"11/05/2017 16:42:26"," 134d3"," -10"," -97"
1494492147.7397776,"11/05/2017 16:42:27"," 134d3"," -12"," -96"
1494492149.251512,"11/05/2017 16:42:29"," 134d3"," -12"," -99"
1494492150.7655842,"11/05/2017 16:42:30"," 134d3"," -11"," -98"
1494492152.2792797,"11/05/2017 16:42:32"," 134d3"," -11"," -98"
1494492153.7860048,"11/05/2017 16:42:33"," 134d3"," -10"," -99"
1494492155.2922359,"11/05/2017 16:42:35"," 134d3"," -12"," -100"
1494492156.7959223,"11/05/2017 16:42:36"," 134d3"," -11"," -98"
1494492158.3136976,"11/05/2017 16:42:38"," 134d3"," -11"," -97"
1494492159.815259,"11/05/2017 16:42:39"," 134d3"," -8"," -99"
1494492161.3279734,"11/05/2017 16:42:41"," 134d3"," -11"," -103"
1494492162.8434837,"11/05/2017 16:42:42"," 134d3"," -5"," -99"
1494492164.3450963,"11/05/2017 16:42:44"," 134d3"," -10"," -99"
1494492165.856266,"11/05/2017 16:42:45"," 134d3"," -15"," -104"
1494492167.367834,"11/05/2017 16:42:47"," 134d3"," -13"," -100"
1494492168.8799553,"11/05/2017 16:42:48"," 134d3"," -9"," -95"
1494492170.3919075,"11/05/2017 16:42:50"," 134d3"," -11"," -97"
1494492171.9057753,"11/05/2017 16:42:51"," 134d3"," -16"," -105"
1494492173.41805,"11/05/2017 16:42:53"," 134d3"," -13"," -104"
1494492174.926788,"11/05/2017 16:42:54"," 134d3"," -12"," -105"
1494492176.4302855,"11/05/2017 16:42:56"," 134d3"," -14"," -105"
1494492177.9461796,"11/05/2017 16:42:57"," 134d3"," -14"," -110"
1494492179.4593394,"11/05/2017 16:42:59"," 134d3"," -11"," -102"
1494492180.9668236,"11/05/2017 16:43:00"," 134d3"," -12"," -98"
1494492182.4808576,"11/05/2017 16:43:02"," 134d3"," -12"," -99"
1494492183.984214,"11/05/2017 16:43:03"," 134d3"," -12"," -95"
1494492185.4899435,"11/05/2017 16:43:05"," 134d3"," -12"," -99"
1494492186.9920373,"11/05/2017 16:43:06"," 134d3"," -14"," -101"
1494492188.5001671,"11/05/2017 16:43:08"," 134d3"," -14"," -101"
1494492190.016605,"11/05/2017 16:43:10"," 134d3"," -14"," -101"
1494492191.5280197,"11/05/2017 16:43:11"," 134d3"," -13"," -100"
1494492193.0427182,"11/05/2017 16:43:13"," 134d3"," -19"," -104"
1494492194.5490003,"11/05/2017 16:43:14"," 134d3"," -12"," -102"
1494492196.0588963,"11/05/2017 16:43:16"," 134d3"," -14"," -102"
1494492197.5639687,"11/05/2017 16:43:17"," 134d3"," -15"," -102"
1494492199.0801744,"11/05/2017 16:43:19"," 134d3"," -9"," -100"
1494492200.5901499,"11/05/2017 16:43:20"," 134d3"," -11"," -98"
1494492202.0973034,"11/05/2017 16:43:22"," 134d3"," -12"," -97"
1494492203.6082568,"11/05/2017 16:43:23"," 134d3"," -12"," -101"
1494492205.1247585,"11/05/2017 16:43:25"," 134d3"," -12"," -99"
1494492206.6328144,"11/05/2017 16:43:26"," 134d3"," -13"," -102"
1494492208.143291,"11/05/2017 16:43:28"," 134d3"," -14"," -105"
1494492209.6540847,"11/05/2017 16:43:29"," 134d3"," -16"," -105"
1494492211.1655173,"11/05/2017 16:43:31"," 134d3"," -16"," -104"
1494492212.685612,"11/05/2017 16:43:32"," 134d3"," -17"," -104"
1494492214.1934373,"11/05/2017 16:43:34"," 134d3"," -16"," -105"
1494492215.6933463,"11/05/2017 16:43:35"," 134d3"," -15"," -104"
1494492217.2091906,"11/05/2017 16:43:37"," 134d3"," -20"," -106"
1494492218.7250376,"11/05/2017 16:43:38"," 134d3"," -24"," -111"
1494492220.240096,"11/05/2017 16:43:40"," 134d3"," -18"," -110"
1494492221.750324,"11/05/2017 16:43:41"," 134d3"," -15"," -108"
1494492223.261189,"11/05/2017 16:43:43"," 134d3"," -15"," -106"
1494492224.7734497,"11/05/2017 16:43:44"," 1340bc"," -3"," -97"
1494492226.2835028,"11/05/2017 16:43:46"," 1340bc"," -6"," -88"
1494492227.7980704,"11/05/2017 16:43:47"," 1340bc"," -6"," -87"
1494492229.3096266,"11/05/2017 16:43:49"," 1340bc"," -6"," -86"
1494492230.821503,"11/05/2017 16:43:50"," 1340bc"," -6"," -85"
1494492232.3335364,"11/05/2017 16:43:52"," 1340bc"," -6"," -85"
1494492233.8503356,"11/05/2017 16:43:53"," 1340bc"," -10"," -86"
1494492235.3608308,"11/05/2017 16:43:55"," 1340bc"," -6"," -84"
1494492236.872257,"11/05/2017 16:43:56"," 1340bc"," -6"," -85"
1494492238.7930021,"11/05/2017 16:43:58"," 1340bc"," -9"," -86"
1494492240.3101397,"11/05/2017 16:44:00"," 1340bc"," -7"," -87"
1494492241.8166673,"11/05/2017 16:44:01"," 1340bc"," -9"," -88"
1494492243.3273685,"11/05/2017 16:44:03"," 134d3"," -12"," -106"
1494492244.838274,"11/05/2017 16:44:04"," 134d3"," -12"," -102"
1494492246.3439174,"11/05/2017 16:44:06"," 134d3"," -12"," -99"
1494492247.8560379,"11/05/2017 16:44:07"," 134d3"," -14"," -103"
1494492249.374886,"11/05/2017 16:44:09"," 134d3"," -8"," -99"
1494492250.8863833,"11/05/2017 16:44:10"," 134d3"," -12"," -104"
1494492252.4016392,"11/05/2017 16:44:12"," 134d3"," -6"," -100"
1494492253.9168746,"11/05/2017 16:44:13"," 134d3"," -6"," -101"
1494492255.426491,"11/05/2017 16:44:15"," 134d3"," -8"," -98"
1494492256.938043,"11/05/2017 16:44:16"," 134d3"," -9"," -97"
1494492258.456482,"11/05/2017 16:44:18"," 134d3"," -10"," -99"
1494492259.977539,"11/05/2017 16:44:19"," 134d3"," -17"," -102"
1494492261.4784558,"11/05/2017 16:44:21"," 134d3"," -13"," -103"
1494492262.9934964,"11/05/2017 16:44:22"," 134d3"," -14"," -106"
1494492264.495138,"11/05/2017 16:44:24"," 134d3"," -7"," -103"
1494492266.00925,"11/05/2017 16:44:26"," 134d3"," -6"," -101"
1494492267.5129697,"11/05/2017 16:44:27"," 134d3"," -13"," -100"
1494492269.0247815,"11/05/2017 16:44:29"," 134d3"," -10"," -100"
1494492270.5351675,"11/05/2017 16:44:30"," 134d3"," -6"," -98"
1494492272.0514555,"11/05/2017 16:44:32"," 134d3"," -11"," -97"
1494492273.5686705,"11/05/2017 16:44:33"," 134d3"," -15"," -101"
1494492275.079326,"11/05/2017 16:44:35"," 134d3"," -17"," -105"
1494492276.5977457,"11/05/2017 16:44:36"," 134d3"," -10"," -102"
1494492278.1066895,"11/05/2017 16:44:38"," 134d3"," -8"," -100"
1494492279.6096675,"11/05/2017 16:44:39"," 134d3"," -7"," -87"
1494492281.1117156,"11/05/2017 16:44:41"," 134d3"," -6"," -99"
1494492282.6222012,"11/05/2017 16:44:42"," 134d3"," -8"," -100"
1494492284.1338022,"11/05/2017 16:44:44"," 134d3"," -10"," -100"
1494492285.6446073,"11/05/2017 16:44:45"," 134d3"," -9"," -101"
1494492287.156264,"11/05/2017 16:44:47"," 134d3"," -9"," -102"
1494492288.6711426,"11/05/2017 16:44:48"," 134d3"," -8"," -101"
1494492290.1731234,"11/05/2017 16:44:50"," 134d3"," -8"," -101"
1494492291.6875718,"11/05/2017 16:44:51"," 134d3"," -7"," -100"
1494492293.193518,"11/05/2017 16:44:53"," 134d3"," -9"," -101"
1494492294.6953442,"11/05/2017 16:44:54"," 134d3"," -9"," -99"
1494492296.2067618,"11/05/2017 16:44:56"," 134d3"," -9"," -99"
1494492297.7180998,"11/05/2017 16:44:57"," 134d3"," -6"," -98"
1494492299.231233,"11/05/2017 16:44:59"," 134d3"," -9"," -99"
1494492300.741199,"11/05/2017 16:45:00"," 134d3"," -7"," -100"
1494492302.2536588,"11/05/2017 16:45:02"," 134d3"," -6"," -99"
1494492303.76528,"11/05/2017 16:45:03"," 134d3"," -12"," -102"
1494492305.2764378,"11/05/2017 16:45:05"," 134d3"," -14"," -102"
1494492306.787552,"11/05/2017 16:45:06"," 134d3"," -8"," -101"
1494492308.303376,"11/05/2017 16:45:08"," 134d3"," -11"," -101"
1494492309.8084688,"11/05/2017 16:45:09"," 134d3"," -17"," -103"
1494492311.3143942,"11/05/2017 16:45:11"," 134d3"," -11"," -103"
1494492312.8280897,"11/05/2017 16:45:12"," 134d3"," -16"," -105"
1494492314.3304298,"11/05/2017 16:45:14"," 134d3"," -14"," -104"
1494492315.8406963,"11/05/2017 16:45:15"," 134d3"," -7"," -97"
1494492317.3486652,"11/05/2017 16:45:17"," 134d3"," -9"," -99"
1494492318.864679,"11/05/2017 16:45:18"," 134d3"," -9"," -106"
1494492320.3851504,"11/05/2017 16:45:20"," 134d3"," -6"," -99"
1494492321.8878942,"11/05/2017 16:45:21"," 134d3"," -12"," -101"
1494492323.4043624,"11/05/2017 16:45:23"," 134d3"," -16"," -103"
1494492324.9184408,"11/05/2017 16:45:24"," 134d3"," -11"," -105"
1494492326.4392703,"11/05/2017 16:45:26"," 134d3"," -18"," -107"
1494492327.9420025,"11/05/2017 16:45:27"," 134d3"," -12"," -107"
1494492329.4618232,"11/05/2017 16:45:29"," 134d3"," -11"," -105"
1494492330.9793005,"11/05/2017 16:45:30"," 134d3"," -14"," -104"
1494492332.498169,"11/05/2017 16:45:32"," 134d3"," -12"," -105"
1494492334.0155091,"11/05/2017 16:45:34"," 134d3"," -9"," -103"
1494492335.5259714,"11/05/2017 16:45:35"," 134d3"," -10"," -100"
1494492337.0424397,"11/05/2017 16:45:37"," 134d3"," -9"," -101"
1494492338.56104,"11/05/2017 16:45:38"," 134d3"," -9"," -101"
1494492340.0653434,"11/05/2017 16:45:40"," 1340bc"," -6"," -93"
1494492341.57607,"11/05/2017 16:45:41"," 1340bc"," -7"," -90"
1494492343.0824914,"11/05/2017 16:45:43"," 1340bc"," -7"," -88"
1494492344.5936875,"11/05/2017 16:45:44"," 1340bc"," -8"," -88"
1494492346.1048496,"11/05/2017 16:45:46"," 1340bc"," -8"," -87"
1494492347.6147077,"11/05/2017 16:45:47"," 1340bc"," -7"," -87"
1494492349.1267612,"11/05/2017 16:45:49"," 1340bc"," -7"," -84"
1494492350.6369078,"11/05/2017 16:45:50"," 1340bc"," -6"," -83"
1494492352.1452997,"11/05/2017 16:45:52"," 1340bc"," -4"," -81"
1494492353.6561184,"11/05/2017 16:45:53"," 1340bc"," -5"," -82"
1494492355.1662114,"11/05/2017 16:45:55"," 1340bc"," -6"," -84"
1494492356.6819677,"11/05/2017 16:45:56"," 1340bc"," -5"," -83"
1494492358.1872063,"11/05/2017 16:45:58"," 1340bc"," -5"," -82"
1494492359.706407,"11/05/2017 16:45:59"," 1340bc"," -6"," -82"
1494492361.2074764,"11/05/2017 16:46:01"," 1340bc"," -7"," -83"
1494492362.7151887,"11/05/2017 16:46:02"," 1340bc"," -12"," -86"
1494492364.2357032,"11/05/2017 16:46:04"," 1340bc"," -8"," -86"
1494492365.7386045,"11/05/2017 16:46:05"," 1340bc"," -10"," -87"
1494492367.2589173,"11/05/2017 16:46:07"," 1340bc"," -10"," -88"
1494492368.761558,"11/05/2017 16:46:08"," 1340bc"," -9"," -88"
1494492370.278088,"11/05/2017 16:46:10"," 1340bc"," -8"," -87"
1494492371.7919319,"11/05/2017 16:46:11"," 1340bc"," -12"," -88"
1494492373.303215,"11/05/2017 16:46:13"," 1340bc"," -9"," -88"
1494492374.8141778,"11/05/2017 16:46:14"," 1340bc"," -11"," -87"
1494492376.3193402,"11/05/2017 16:46:16"," 1340bc"," -11"," -89"
1494492377.8234828,"11/05/2017 16:46:17"," 1340bc"," -9"," -88"
1494492379.3331857,"11/05/2017 16:46:19"," 1340bc"," -12"," -89"
1494492380.8442438,"11/05/2017 16:46:20"," 1340bc"," -5"," -84"
1494492382.3546102,"11/05/2017 16:46:22"," 1340bc"," -6"," -86"
1494492383.874506,"11/05/2017 16:46:23"," 1340bc"," -6"," -83"
1494492385.381266,"11/05/2017 16:46:25"," 1340bc"," -8"," -88"
1494492386.8924634,"11/05/2017 16:46:26"," ffffff"," -18"," -96"
1494492388.4131904,"11/05/2017 16:46:28"," ffffff"," -12"," -93"
1494492389.91889,"11/05/2017 16:46:29"," 1340bc"," -15"," -91"
1494492391.4244146,"11/05/2017 16:46:31"," 1340bc"," -17"," -93"
1494492392.9401236,"11/05/2017 16:46:32"," 1340bc"," -18"," -93"
1494492394.4432256,"11/05/2017 16:46:34"," 1340bc"," -12"," -93"
1494492395.9582033,"11/05/2017 16:46:35"," 1340bc"," -7"," -88"
1494492397.4769018,"11/05/2017 16:46:37"," 1340bc"," -7"," -86"
1494492398.993247,"11/05/2017 16:46:38"," 1340bc"," -5"," -84"
1494492400.5044312,"11/05/2017 16:46:40"," 1340bc"," -5"," -83"
1494492402.0170054,"11/05/2017 16:46:42"," 1340bc"," -4"," -82"
1494492403.5275977,"11/05/2017 16:46:43"," 1340bc"," -4"," -81"
1494492405.039682,"11/05/2017 16:46:45"," 1340bc"," -7"," -83"
1494492406.5510676,"11/05/2017 16:46:46"," 1340bc"," -3"," -81"
1494492408.0639944,"11/05/2017 16:46:48"," 1340bc"," -8"," -82"
1494492409.5756867,"11/05/2017 16:46:49"," 1340bc"," -8"," -84"
1494492411.087831,"11/05/2017 16:46:51"," 1340bc"," -6"," -85"
1494492412.6024947,"11/05/2017 16:46:52"," 1340bc"," -6"," -83"
1494492414.1040077,"11/05/2017 16:46:54"," 1340bc"," -23"," -89"
1494492415.6150253,"11/05/2017 16:46:55"," 1340bc"," -14"," -90"
1494492417.121567,"11/05/2017 16:46:57"," 1340bc"," -13"," -89"
1494492418.63357,"11/05/2017 16:46:58"," 1340bc"," -11"," -89"
1494492420.14504,"11/05/2017 16:47:00"," 1340bc"," -4"," -85"
1494492421.6606073,"11/05/2017 16:47:01"," 1340bc"," -6"," -85"
1494492423.162786,"11/05/2017 16:47:03"," 1340bc"," -5"," -83"
1494492424.6799135,"11/05/2017 16:47:04"," 1340bc"," -5"," -82"
1494492426.198123,"11/05/2017 16:47:06"," 1340bc"," -5"," -82"
1494492427.717704,"11/05/2017 16:47:07"," 1340bc"," -3"," -80"
1494492429.235899,"11/05/2017 16:47:09"," 1340bc"," -4"," -81"
1494492430.7545867,"11/05/2017 16:47:10"," 1340bc"," -6"," -82"
1494492432.2741058,"11/05/2017 16:47:12"," 1340bc"," -8"," -85"
1494492433.7768524,"11/05/2017 16:47:13"," 1340bc"," -8"," -85"
1494492435.2948086,"11/05/2017 16:47:15"," 1340bc"," -9"," -86"
1494492436.815834,"11/05/2017 16:47:16"," 1340bc"," -8"," -86"
1494492438.322255,"11/05/2017 16:47:18"," 1340bc"," -6"," -86"
1494492439.8286016,"11/05/2017 16:47:19"," 1340bc"," -7"," -86"
1494492441.3339946,"11/05/2017 16:47:21"," 1340bc"," -5"," -84"
1494492442.8368227,"11/05/2017 16:47:22"," 1340bc"," -5"," -84"
1494492444.35701,"11/05/2017 16:47:24"," 1340bc"," -9"," -85"
1494492445.8622468,"11/05/2017 16:47:25"," 1340bc"," -8"," -86"
1494492447.3665063,"11/05/2017 16:47:27"," 1340bc"," -7"," -86"
1494492448.8782794,"11/05/2017 16:47:28"," 1340bc"," -5"," -83"
1494492450.3923514,"11/05/2017 16:47:30"," 1340bc"," -5"," -82"
1494492451.8986766,"11/05/2017 16:47:31"," 1340bc"," -10"," -85"
1494492453.404052,"11/05/2017 16:47:33"," 1340bc"," -7"," -85"
1494492454.9107885,"11/05/2017 16:47:34"," 1340bc"," -7"," -84"
1494492456.4158683,"11/05/2017 16:47:36"," 1340bc"," -6"," -84"
1494492457.9344738,"11/05/2017 16:47:37"," 1340bc"," -6"," -84"
1494492459.4505072,"11/05/2017 16:47:39"," 1340bc"," -8"," -85"
1494492460.9700637,"11/05/2017 16:47:40"," 1340bc"," -6"," -83"
1494492462.47135,"11/05/2017 16:47:42"," 1340bc"," -6"," -83"
1494492463.977973,"11/05/2017 16:47:43"," 1340bc"," -5"," -82"
1494492465.4943893,"11/05/2017 16:47:45"," 1340bc"," -4"," -81"
1494492466.9997175,"11/05/2017 16:47:46"," 1340bc"," -6"," -82"
1494492468.5102546,"11/05/2017 16:47:48"," 1340bc"," -8"," -84"
1494492470.0215106,"11/05/2017 16:47:50"," 1340bc"," -8"," -84"
1494492471.5322907,"11/05/2017 16:47:51"," 1340bc"," -7"," -84"
1494492473.0368633,"11/05/2017 16:47:53"," 1340bc"," -8"," -85"
1494492474.543501,"11/05/2017 16:47:54"," 1340bc"," -9"," -85"
1494492476.0599566,"11/05/2017 16:47:56"," 1340bc"," -10"," -85"
1494492477.578768,"11/05/2017 16:47:57"," 1340bc"," -8"," -83"
1494492479.0974457,"11/05/2017 16:47:59"," 1340bc"," -7"," -83"
1494492480.618101,"11/05/2017 16:48:00"," 1340bc"," -8"," -83"
1494492482.1361842,"11/05/2017 16:48:02"," 1340bc"," -7"," -83"
1494492483.6549761,"11/05/2017 16:48:03"," 1340bc"," -6"," -82"
1494492485.1693094,"11/05/2017 16:48:05"," 1340bc"," -5"," -80"
1494492486.6877184,"11/05/2017 16:48:06"," 1340bc"," -7"," -81"
1494492488.205048,"11/05/2017 16:48:08"," 1340bc"," -13"," -87"
1494492489.7124085,"11/05/2017 16:48:09"," 1340bc"," -9"," -87"
1494492491.2192914,"11/05/2017 16:48:11"," 1340bc"," -6"," -85"
1494492492.7307446,"11/05/2017 16:48:12"," 1340bc"," -6"," -83"
1494492494.2411537,"11/05/2017 16:48:14"," 1340bc"," -6"," -83"
1494492495.7487981,"11/05/2017 16:48:15"," 1340bc"," -8"," -84"
1494492497.2586532,"11/05/2017 16:48:17"," 1340bc"," -8"," -84"
1494492498.7695696,"11/05/2017 16:48:18"," 1340bc"," -10"," -86"
1494492500.2905877,"11/05/2017 16:48:20"," 1340bc"," -9"," -86"
1494492501.7967474,"11/05/2017 16:48:21"," 1340bc"," -8"," -86"
1494492503.2983296,"11/05/2017 16:48:23"," 1340bc"," -6"," -85"
1494492504.8048723,"11/05/2017 16:48:24"," 1340bc"," -5"," -85"
1494492506.3160155,"11/05/2017 16:48:26"," 1340bc"," -8"," -84"
1494492507.826791,"11/05/2017 16:48:27"," 1340bc"," -7"," -84"
1494492509.3376582,"11/05/2017 16:48:29"," 1340bc"," -8"," -84"
1494492510.8534682,"11/05/2017 16:48:30"," 1340bc"," -7"," -84"
1494492512.3693805,"11/05/2017 16:48:32"," 1340bc"," -5"," -82"
1494492513.8837414,"11/05/2017 16:48:33"," 1340bc"," -6"," -82"
1494492515.395041,"11/05/2017 16:48:35"," 1340bc"," -5"," -82"
1494492516.907201,"11/05/2017 16:48:36"," 1340bc"," -5"," -81"
1494492518.4185982,"11/05/2017 16:48:38"," 1340bc"," -6"," -82"
1494492519.9304311,"11/05/2017 16:48:39"," 1340bc"," -6"," -82"
1494492521.4422414,"11/05/2017 16:48:41"," 1340bc"," -5"," -81"
1494492522.954281,"11/05/2017 16:48:42"," 1340bc"," -5"," -82"
1494492524.4662113,"11/05/2017 16:48:44"," 1340bc"," -5"," -82"
1494492525.983342,"11/05/2017 16:48:45"," 1340bc"," -5"," -82"
1494492527.4988573,"11/05/2017 16:48:47"," 1340bc"," -7"," -80"
1494492529.0107892,"11/05/2017 16:48:49"," 1340bc"," -12"," -82"
1494492530.5216267,"11/05/2017 16:48:50"," 1340bc"," -8"," -82"
1494492532.0416875,"11/05/2017 16:48:52"," 1340bc"," -7"," -83"
1494492533.5426478,"11/05/2017 16:48:53"," 1340bc"," -6"," -83"
1494492535.0497866,"11/05/2017 16:48:55"," 1340bc"," -6"," -83"
1494492536.5617237,"11/05/2017 16:48:56"," 1340bc"," -5"," -83"
1494492538.0728958,"11/05/2017 16:48:58"," 1340bc"," -5"," -83"
1494492539.5833054,"11/05/2017 16:48:59"," 1340bc"," -4"," -82"
1494492541.0963354,"11/05/2017 16:49:01"," 1340bc"," -5"," -82"
1494492542.6073284,"11/05/2017 16:49:02"," 1340bc"," -6"," -82"
1494492544.11861,"11/05/2017 16:49:04"," 1340bc"," -5"," -81"
1494492545.629851,"11/05/2017 16:49:05"," 1340bc"," -6"," -84"
1494492547.1421118,"11/05/2017 16:49:07"," 1340bc"," -5"," -83"
1494492548.6532304,"11/05/2017 16:49:08"," 1340bc"," -4"," -82"
1494492550.169083,"11/05/2017 16:49:10"," 1340bc"," -5"," -82"
1494492551.6825242,"11/05/2017 16:49:11"," 1340bc"," -5"," -82"
1494492553.1925366,"11/05/2017 16:49:13"," 1340bc"," -6"," -83"
1494492554.6991243,"11/05/2017 16:49:14"," 1340bc"," -9"," -84"
1494492556.209866,"11/05/2017 16:49:16"," 1340bc"," -6"," -84"
1494492557.720885,"11/05/2017 16:49:17"," 1340bc"," -6"," -85"
1494492559.2311969,"11/05/2017 16:49:19"," 1340bc"," -9"," -85"
1494492560.7463193,"11/05/2017 16:49:20"," 1340bc"," -12"," -87"
1494492562.252604,"11/05/2017 16:49:22"," 1340bc"," -10"," -87"
1494492563.7643378,"11/05/2017 16:49:23"," 1340bc"," -7"," -87"
1494492565.2800372,"11/05/2017 16:49:25"," 1340bc"," -5"," -86"
1494492566.7912107,"11/05/2017 16:49:26"," 1340bc"," -6"," -85"
1494492568.301115,"11/05/2017 16:49:28"," 1340bc"," -5"," -84"
1494492569.814528,"11/05/2017 16:49:29"," 1340bc"," -5"," -85"
1494492571.3260794,"11/05/2017 16:49:31"," 1340bc"," -8"," -86"
1494492572.8383677,"11/05/2017 16:49:32"," 1340bc"," -9"," -86"
1494492574.3484466,"11/05/2017 16:49:34"," 1340bc"," -7"," -86"
1494492575.8600657,"11/05/2017 16:49:35"," 1340bc"," -6"," -86"
1494492577.370304,"11/05/2017 16:49:37"," 1340bc"," -6"," -85"
1494492578.88305,"11/05/2017 16:49:38"," 1340bc"," -6"," -85"
1494492580.3939102,"11/05/2017 16:49:40"," 1340bc"," -5"," -85"
1494492581.8999667,"11/05/2017 16:49:41"," 1340bc"," -7"," -85"
1494492583.4125116,"11/05/2017 16:49:43"," 1340bc"," -5"," -86"
1494492584.9193926,"11/05/2017 16:49:44"," 1340bc"," -8"," -86"
1494492586.43034,"11/05/2017 16:49:46"," 1340bc"," -5"," -86"
1494492587.937731,"11/05/2017 16:49:47"," 1340bc"," -5"," -85"
1494492589.4552007,"11/05/2017 16:49:49"," 1340bc"," -13"," -90"
1494492590.9724698,"11/05/2017 16:49:50"," 1340bc"," -7"," -88"
1494492592.4856544,"11/05/2017 16:49:52"," 1340bc"," -6"," -86"
1494492593.9962611,"11/05/2017 16:49:53"," 1340bc"," -8"," -85"
1494492595.4979258,"11/05/2017 16:49:55"," 1340bc"," -7"," -87"
1494492597.0142474,"11/05/2017 16:49:57"," 1340bc"," -7"," -87"
1494492598.5281858,"11/05/2017 16:49:58"," 1340bc"," -5"," -86"
1494492600.0445418,"11/05/2017 16:50:00"," 1340bc"," -6"," -86"
1494492601.5587513,"11/05/2017 16:50:01"," 1340bc"," -9"," -86"
1494492603.0659153,"11/05/2017 16:50:03"," 1340bc"," -6"," -86"
1494492604.5790184,"11/05/2017 16:50:04"," 1340bc"," -8"," -85"
1494492606.093884,"11/05/2017 16:50:06"," 1340bc"," -7"," -86"
1494492607.6103973,"11/05/2017 16:50:07"," 1340bc"," -6"," -85"
