"time slot","timestamp","date time","max gain","network selected","delay","#bytes","#bytes w/o delay","bit rate (Mbps)","selection duration","connect and download duration","#bytes downloaded during selection by previous network","#bytes per network","#time network selected","log"
1,1498777800.0001373,"30/06/2017 07:10:00",41250000.0,2,4.742692470550537,3769928,5513162.925762209,2.9404983546147614,0.0016951560974121094,14.999261379241943,0,"[0, 5513162.925762209, 0]","[0, 1, 0]","[]"
2,1498777815.0010939,"30/06/2017 07:10:15",41250000.0,1,5.19612455368042,445984,682373.929759941,0.36394805754608894,0.012473344802856445,14.999369621276855,4440,"[682373.929759941, 5513162.925762209, 0]","[1, 1, 0]","[]"
3,1498777830.0129368,"30/06/2017 07:10:30",41250000.0,3,4.9574573040008545,6615496,9881377.414487025,5.270252412423338,0.010621309280395508,14.999475002288818,0,"[682373.929759941, 5513162.925762209, 9881377.414487025]","[1, 1, 1]","[]"
4,1498777845.0230331,"30/06/2017 07:10:45",41250000.0,3,0,8164352,8164352.0,4.3510861707119775,0,15.011152029037476,0,"[682373.929759941, 5513162.925762209, 18045729.414487027]","[1, 1, 2]","['averageBytePerNet:[682373.929759941, 5513162.925762209, 9881377.414487025], numNetworkHighestAverageByte: 1']"
5,1498777860.0341852,"30/06/2017 07:11:00",41250000.0,3,0,4968088,4968088.0,2.648073903719779,0,15.008910417556763,0,"[682373.929759941, 5513162.925762209, 23013817.414487027]","[1, 1, 3]","['averageBytePerNet:[682373.929759941, 5513162.925762209, 9022864.707243513], numNetworkHighestAverageByte: 1']"
6,1498777875.0430956,"30/06/2017 07:11:15",41250000.0,3,0,3879192,3879192.0,2.0675946614675556,0,15.009487390518188,0,"[682373.929759941, 5513162.925762209, 26893009.414487027]","[1, 1, 4]","['averageBytePerNet:[682373.929759941, 5513162.925762209, 7671272.471495676], numNetworkHighestAverageByte: 1']"
7,1498777890.052583,"30/06/2017 07:11:30",41250000.0,3,0,3378184,3378184.0,1.8005805721398436,0,15.009310007095337,0,"[682373.929759941, 5513162.925762209, 30271193.414487027]","[1, 1, 5]","['averageBytePerNet:[682373.929759941, 5513162.925762209, 6723252.353621757], numNetworkHighestAverageByte: 1']"
8,1498777905.061893,"30/06/2017 07:11:45",41250000.0,3,0,2723688,2723688.0,1.4517218804403311,0,15.009420394897461,0,"[682373.929759941, 5513162.925762209, 32994881.414487027]","[1, 1, 6]","['averageBytePerNet:[682373.929759941, 5513162.925762209, 6054238.682897406], numNetworkHighestAverageByte: 1']"
9,1498777920.0713134,"30/06/2017 07:12:00",41250000.0,2,4.950568675994873,3447688,5146262.540084666,2.7448556337715164,0.026209354400634766,14.999003887176514,5792,"[682373.929759941, 10659425.465846874, 32994881.414487027]","[1, 2, 6]","['averageBytePerNet:[682373.929759941, 5513162.925762209, 5499146.902414504], numNetworkHighestAverageByte: 1']"
10,1498777935.0965266,"30/06/2017 07:12:15",41250000.0,3,4.390125036239624,5401360,7636580.448867428,4.073178655124618,0.012305736541748047,14.99876356124878,2960,"[682373.929759941, 10659425.465846874, 40631461.86335445]","[1, 2, 7]","['averageBytePerNet:[682373.929759941, 5329712.732923437, 5499146.902414504], numNetworkHighestAverageByte: 1']"
11,1498777950.107596,"30/06/2017 07:12:30",41250000.0,3,0,7352624,7352624.0,3.918444310568494,0,15.011312484741211,0,"[682373.929759941, 10659425.465846874, 47984085.86335445]","[1, 2, 8]","['averageBytePerNet:[682373.929759941, 5329712.732923437, 5804494.551907779], numNetworkHighestAverageByte: 1']"
12,1498777965.1189084,"30/06/2017 07:12:45",41250000.0,3,0,6840384,6840384.0,3.645978196583094,0,15.00916051864624,0,"[682373.929759941, 10659425.465846874, 54824469.86335445]","[1, 2, 9]","['averageBytePerNet:[682373.929759941, 5329712.732923437, 5998010.7329193065], numNetworkHighestAverageByte: 1']"
13,1498777980.128069,"30/06/2017 07:13:00",41250000.0,3,0,7319344,7319344.0,3.9012749369529556,0,15.009132385253906,0,"[682373.929759941, 10659425.465846874, 62143813.86335445]","[1, 2, 10]","['averageBytePerNet:[682373.929759941, 5329712.732923437, 6091607.762594939], numNetworkHighestAverageByte: 1']"
14,1498777995.1372013,"30/06/2017 07:13:15",41250000.0,3,0,5955888,5955888.0,3.1742859182072087,0,15.010337829589844,0,"[682373.929759941, 10659425.465846874, 68099701.86335444]","[1, 2, 11]","['averageBytePerNet:[682373.929759941, 5329712.732923437, 6214381.386335446], numNetworkHighestAverageByte: 1']"
15,1498778010.1475391,"30/06/2017 07:13:30",41250000.0,3,0,5569008,5569008.0,2.9682043732460897,0,15.009769678115845,0,"[682373.929759941, 10659425.465846874, 73668709.86335444]","[1, 2, 12]","['averageBytePerNet:[682373.929759941, 5329712.732923437, 6190881.987577677], numNetworkHighestAverageByte: 1']"
16,1498778025.1573088,"30/06/2017 07:13:45",41250000.0,3,0,5589280,5589280.0,2.9793049387131245,0,15.008279085159302,0,"[682373.929759941, 10659425.465846874, 79257989.86335444]","[1, 2, 13]","['averageBytePerNet:[682373.929759941, 5329712.732923437, 6139059.155279537], numNetworkHighestAverageByte: 1']"
17,1498778040.165588,"30/06/2017 07:14:00",41250000.0,3,0,2481872,2481872.0,1.3228787562487176,0,15.008915901184082,0,"[682373.929759941, 10659425.465846874, 81739861.86335444]","[1, 2, 14]","['averageBytePerNet:[682373.929759941, 5329712.732923437, 6096768.451027265], numNetworkHighestAverageByte: 1']"
18,1498778055.1745038,"30/06/2017 07:14:15",41250000.0,3,0,2812016,2812016.0,1.4987299459066363,0,15.010127782821655,0,"[682373.929759941, 10659425.465846874, 84551877.86335444]","[1, 2, 15]","['averageBytePerNet:[682373.929759941, 5329712.732923437, 5838561.561668174], numNetworkHighestAverageByte: 1']"
19,1498778070.1846316,"30/06/2017 07:14:30",41250000.0,3,0,3752152,3752152.0,1.9996118528761166,0,15.011521339416504,0,"[682373.929759941, 10659425.465846874, 88304029.86335444]","[1, 2, 16]","['averageBytePerNet:[682373.929759941, 5329712.732923437, 5636791.857556963], numNetworkHighestAverageByte: 1']"
20,1498778085.196153,"30/06/2017 07:14:45",41250000.0,3,0,2328000,2328000.0,1.2407476911907533,0,15.010303974151611,0,"[682373.929759941, 10659425.465846874, 90632029.86335444]","[1, 2, 17]","['averageBytePerNet:[682373.929759941, 5329712.732923437, 5519001.866459653], numNetworkHighestAverageByte: 1']"
21,1498778100.206457,"30/06/2017 07:15:00",41250000.0,3,0,3521536,3521536.0,1.8769820330058582,0,15.00935411453247,0,"[682373.929759941, 10659425.465846874, 94153565.86335444]","[1, 2, 18]","['averageBytePerNet:[682373.929759941, 5329712.732923437, 5331295.874314968], numNetworkHighestAverageByte: 1']"
22,1498778115.215811,"30/06/2017 07:15:15",41250000.0,2,4.958665132522583,2108288,3149469.9581974656,1.6797778117640998,0.009755849838256836,14.999459743499756,0,"[682373.929759941, 13808895.424044339, 94153565.86335444]","[1, 3, 18]","['averageBytePerNet:[682373.929759941, 5329712.732923437, 5230753.659075247], numNetworkHighestAverageByte: 1']"
23,1498778130.2250266,"30/06/2017 07:15:30",41250000.0,3,4.805935859680176,954232,1404134.1143917073,0.7489107262811407,0.011208295822143555,14.999214887619019,0,"[682373.929759941, 13808895.424044339, 95557699.97774616]","[1, 3, 19]","['averageBytePerNet:[682373.929759941, 4602965.141348113, 5230753.659075247], numNetworkHighestAverageByte: 1']"
24,1498778145.2354498,"30/06/2017 07:15:45",41250000.0,3,0,2768928,2768928.0,1.4757120462683626,0,15.010668277740479,0,"[682373.929759941, 13808895.424044339, 98326627.97774616]","[1, 3, 20]","['averageBytePerNet:[682373.929759941, 4602965.141348113, 5029352.630407693], numNetworkHighestAverageByte: 1']"
25,1498778160.246118,"30/06/2017 07:16:00",41250000.0,3,0,3315568,3315568.0,1.767068743112344,0,15.01047658920288,0,"[682373.929759941, 13808895.424044339, 101642195.97774616]","[1, 3, 21]","['averageBytePerNet:[682373.929759941, 4602965.141348113, 4916331.398887308], numNetworkHighestAverageByte: 1']"
26,1498778175.2565947,"30/06/2017 07:16:15",41250000.0,3,0,2911928,2911928.0,1.5520307071552286,0,15.009641170501709,0,"[682373.929759941, 13808895.424044339, 104554123.97774616]","[1, 3, 22]","['averageBytePerNet:[682373.929759941, 4602965.141348113, 4840104.570368865], numNetworkHighestAverageByte: 1']"
27,1498778190.2662358,"30/06/2017 07:16:30",41250000.0,3,0,2958264,2958264.0,1.5767082575024072,0,15.009823083877563,0,"[682373.929759941, 13808895.424044339, 107512387.97774616]","[1, 3, 23]","['averageBytePerNet:[682373.929759941, 4602965.141348113, 4752460.180806643], numNetworkHighestAverageByte: 1']"
28,1498778205.276059,"30/06/2017 07:16:45",41250000.0,3,0,3718656,3718656.0,1.9820221506551652,0,15.009543657302856,0,"[682373.929759941, 13808895.424044339, 111231043.97774616]","[1, 3, 24]","['averageBytePerNet:[682373.929759941, 4602965.141348113, 4674451.651206355], numNetworkHighestAverageByte: 1']"
29,1498778220.2856026,"30/06/2017 07:17:00",41250000.0,3,0,3228848,3228848.0,1.720951796255443,0,15.009591817855835,0,"[682373.929759941, 13808895.424044339, 114459891.97774616]","[1, 3, 25]","['averageBytePerNet:[682373.929759941, 4602965.141348113, 4634626.83240609], numNetworkHighestAverageByte: 1']"
30,1498778235.2951944,"30/06/2017 07:17:15",41250000.0,2,4.87917685508728,2187928,3242764.958910965,1.7295326490346628,0.010755300521850586,14.999496936798096,1480,"[682373.929759941, 17051660.382955305, 114459891.97774616]","[1, 4, 25]","['averageBytePerNet:[682373.929759941, 4602965.141348113, 4578395.679109846], numNetworkHighestAverageByte: 1']"
31,1498778250.3054466,"30/06/2017 07:17:30",41250000.0,3,4.3986592292785645,4963744,7023394.035726908,3.7459597179383524,0.010696649551391602,14.999401092529297,0,"[682373.929759941, 17051660.382955305, 121483286.01347306]","[1, 4, 26]","['averageBytePerNet:[682373.929759941, 4262915.095738826, 4578395.679109846], numNetworkHighestAverageByte: 1']"
32,1498778265.3155444,"30/06/2017 07:17:45",41250000.0,3,0,6896968,6896968.0,3.6754468783214143,0,15.011982440948486,0,"[682373.929759941, 17051660.382955305, 128380254.01347306]","[1, 4, 27]","['averageBytePerNet:[682373.929759941, 4262915.095738826, 4672434.077441271], numNetworkHighestAverageByte: 1']"
33,1498778280.3275268,"30/06/2017 07:18:00",41250000.0,3,0,8034512,8034512.0,4.281507715963316,0,15.01249098777771,0,"[682373.929759941, 17051660.382955305, 136414766.01347306]","[1, 4, 28]","['averageBytePerNet:[682373.929759941, 4262915.095738826, 4754824.222721225], numNetworkHighestAverageByte: 1']"
34,1498778295.3400178,"30/06/2017 07:18:15",41250000.0,3,0,7017304,7017304.0,3.739533158645049,0,15.012149810791016,0,"[682373.929759941, 17051660.382955305, 143432070.01347306]","[1, 4, 29]","['averageBytePerNet:[682373.929759941, 4262915.095738826, 4871955.929052609], numNetworkHighestAverageByte: 1']"
35,1498778310.3521676,"30/06/2017 07:18:30",41250000.0,3,0,7442720,7442720.0,3.9668708427371753,0,15.00975513458252,0,"[682373.929759941, 17051660.382955305, 150874790.01347306]","[1, 4, 30]","['averageBytePerNet:[682373.929759941, 4262915.095738826, 4945933.448740451], numNetworkHighestAverageByte: 1']"
36,1498778325.3619227,"30/06/2017 07:18:45",41250000.0,3,0,5632720,5632720.0,3.0015584886154034,0,15.012787580490112,0,"[682373.929759941, 17051660.382955305, 156507510.01347306]","[1, 4, 31]","['averageBytePerNet:[682373.929759941, 4262915.095738826, 5029159.667115768], numNetworkHighestAverageByte: 1']"
37,1498778340.3747103,"30/06/2017 07:19:00",41250000.0,3,0,2510832,2510832.0,1.3382292874244328,0,15.009876251220703,0,"[682373.929759941, 17051660.382955305, 159018342.01347306]","[1, 4, 32]","['averageBytePerNet:[682373.929759941, 4262915.095738826, 5048629.355273325], numNetworkHighestAverageByte: 1']"
38,1498778355.3845866,"30/06/2017 07:19:15",41250000.0,3,0,4595952,4595952.0,2.449566937108017,0,15.009843349456787,0,"[682373.929759941, 17051660.382955305, 163614294.01347306]","[1, 4, 33]","['averageBytePerNet:[682373.929759941, 4262915.095738826, 4969323.187921033], numNetworkHighestAverageByte: 1']"
39,1498778370.39443,"30/06/2017 07:19:30",41250000.0,3,0,2942336,2942336.0,1.5681956679832596,0,15.010045289993286,0,"[682373.929759941, 17051660.382955305, 166556630.01347306]","[1, 4, 34]","['averageBytePerNet:[682373.929759941, 4262915.095738826, 4958008.909499183], numNetworkHighestAverageByte: 1']"
40,1498778385.4044752,"30/06/2017 07:19:45",41250000.0,3,0,3065416,3065416.0,1.6333309713801238,0,15.014304161071777,0,"[682373.929759941, 17051660.382955305, 169622046.01347306]","[1, 4, 35]","['averageBytePerNet:[682373.929759941, 4262915.095738826, 4898724.412160972], numNetworkHighestAverageByte: 1']"
41,1498778400.4187794,"30/06/2017 07:20:00",41250000.0,3,0,4076120,4076120.0,2.172467646314832,0,15.010101556777954,0,"[682373.929759941, 17051660.382955305, 173698166.01347306]","[1, 4, 36]","['averageBytePerNet:[682373.929759941, 4262915.095738826, 4846344.171813516], numNetworkHighestAverageByte: 1']"
42,1498778415.428881,"30/06/2017 07:20:15",41250000.0,3,0,3554840,3554840.0,1.8945226803693334,0,15.011021137237549,0,"[682373.929759941, 17051660.382955305, 177253006.01347306]","[1, 4, 37]","['averageBytePerNet:[682373.929759941, 4262915.095738826, 4824949.055929807], numNetworkHighestAverageByte: 1']"
43,1498778430.439902,"30/06/2017 07:20:30",41250000.0,3,0,2092360,2092360.0,1.1152112669760568,0,15.009604454040527,0,"[682373.929759941, 17051660.382955305, 179345366.01347306]","[1, 4, 38]","['averageBytePerNet:[682373.929759941, 4262915.095738826, 4790621.784147921], numNetworkHighestAverageByte: 1']"
44,1498778445.4495065,"30/06/2017 07:20:45",41250000.0,3,0,2906200,2906200.0,1.548959332137848,0,15.009819507598877,0,"[682373.929759941, 17051660.382955305, 182251566.01347306]","[1, 4, 39]","['averageBytePerNet:[682373.929759941, 4262915.095738826, 4719614.895091397], numNetworkHighestAverageByte: 1']"
45,1498778460.459326,"30/06/2017 07:21:00",41250000.0,3,0,3641656,3641656.0,1.9410226641552795,0,15.009226083755493,0,"[682373.929759941, 17051660.382955305, 185893222.01347306]","[1, 4, 40]","['averageBytePerNet:[682373.929759941, 4262915.095738826, 4673117.07726854], numNetworkHighestAverageByte: 1']"
46,1498778475.468552,"30/06/2017 07:21:15",41250000.0,3,0,2868488,2868488.0,1.5288458242581133,0,15.009953022003174,0,"[682373.929759941, 17051660.382955305, 188761710.01347306]","[1, 4, 41]","['averageBytePerNet:[682373.929759941, 4262915.095738826, 4647330.550336827], numNetworkHighestAverageByte: 1']"
47,1498778490.4785051,"30/06/2017 07:21:30",41250000.0,3,0,4071776,4071776.0,2.170214143780163,0,15.009674549102783,0,"[682373.929759941, 17051660.382955305, 192833486.01347306]","[1, 4, 42]","['averageBytePerNet:[682373.929759941, 4262915.095738826, 4603944.146670075], numNetworkHighestAverageByte: 1']"
48,1498778505.4881797,"30/06/2017 07:21:45",41250000.0,3,0,3870504,3870504.0,2.0629663497185837,0,15.009470224380493,0,"[682373.929759941, 17051660.382955305, 196703990.01347306]","[1, 4, 43]","['averageBytePerNet:[682373.929759941, 4262915.095738826, 4591273.476511263], numNetworkHighestAverageByte: 1']"
49,1498778520.49765,"30/06/2017 07:22:00",41250000.0,3,0,3790992,3790992.0,2.164803538164656,0,14.00955581665039,0,"[682373.929759941, 17051660.382955305, 200494982.01347306]","[1, 4, 44]","['averageBytePerNet:[682373.929759941, 4262915.095738826, 4574511.395662164], numNetworkHighestAverageByte: 1']"
50,1498778534.5072057,"30/06/2017 07:22:14",41250000.0,3,0,4400344,4400344.0,2.345022743456595,0,15.011688947677612,0,"[682373.929759941, 17051660.382955305, 204895326.01347306]","[1, 4, 45]","['averageBytePerNet:[682373.929759941, 4262915.095738826, 4556704.1366698425], numNetworkHighestAverageByte: 1']"
51,1498778549.5188947,"30/06/2017 07:22:29",41250000.0,3,0,2893104,2893104.0,1.5419251178882365,0,15.010347604751587,0,"[682373.929759941, 17051660.382955305, 207788430.01347306]","[1, 4, 46]","['averageBytePerNet:[682373.929759941, 4262915.095738826, 4553229.466966068], numNetworkHighestAverageByte: 1']"
52,1498778564.5292423,"30/06/2017 07:22:44",41250000.0,3,0,2703416,2703416.0,1.4408945712950203,0,15.009653329849243,0,"[682373.929759941, 17051660.382955305, 210491846.01347306]","[1, 4, 47]","['averageBytePerNet:[682373.929759941, 4262915.095738826, 4517139.782901588], numNetworkHighestAverageByte: 1']"
53,1498778579.5388956,"30/06/2017 07:22:59",41250000.0,3,0,3394112,3394112.0,1.8089574235138652,0,15.01024603843689,0,"[682373.929759941, 17051660.382955305, 213885958.01347306]","[1, 4, 48]","['averageBytePerNet:[682373.929759941, 4262915.095738826, 4478549.915180278], numNetworkHighestAverageByte: 1']"
54,1498778594.5491416,"30/06/2017 07:23:14",41250000.0,3,0,4630704,4630704.0,2.467582973089275,0,15.012922525405884,0,"[682373.929759941, 17051660.382955305, 218516662.01347306]","[1, 4, 49]","['averageBytePerNet:[682373.929759941, 4262915.095738826, 4455957.4586140225], numNetworkHighestAverageByte: 1']"
55,1498778609.5620642,"30/06/2017 07:23:29",41250000.0,3,0,4155760,4155760.0,2.214947502886025,0,15.009872674942017,0,"[682373.929759941, 17051660.382955305, 222672422.01347306]","[1, 4, 50]","['averageBytePerNet:[682373.929759941, 4262915.095738826, 4459523.7145606745], numNetworkHighestAverageByte: 1']"
56,1498778624.5719368,"30/06/2017 07:23:44",41250000.0,3,0,4284632,4284632.0,2.2835727276489743,0,15.010275602340698,0,"[682373.929759941, 17051660.382955305, 226957054.01347306]","[1, 4, 51]","['averageBytePerNet:[682373.929759941, 4262915.095738826, 4453448.440269461], numNetworkHighestAverageByte: 1']"
57,1498778639.5822124,"30/06/2017 07:23:59",41250000.0,3,0,3841544,3841544.0,2.0476351367456935,0,15.008705139160156,0,"[682373.929759941, 17051660.382955305, 230798598.01347306]","[1, 4, 52]","['averageBytePerNet:[682373.929759941, 4262915.095738826, 4450138.313989668], numNetworkHighestAverageByte: 1']"
58,1498778654.5909176,"30/06/2017 07:24:14",41250000.0,3,0,3776384,3776384.0,2.0125299503895238,0,15.011489391326904,0,"[682373.929759941, 17051660.382955305, 234574982.01347306]","[1, 4, 53]","['averageBytePerNet:[682373.929759941, 4262915.095738826, 4438434.577182175], numNetworkHighestAverageByte: 1']"
59,1498778669.602407,"30/06/2017 07:24:29",41250000.0,3,0,3339088,3339088.0,1.779551838207245,0,15.010916471481323,0,"[682373.929759941, 17051660.382955305, 237914070.01347306]","[1, 4, 54]","['averageBytePerNet:[682373.929759941, 4262915.095738826, 4425943.056857983], numNetworkHighestAverageByte: 1']"
60,1498778684.6133235,"30/06/2017 07:24:44",41250000.0,3,0,4336760,4336760.0,2.3115134652692277,0,15.009248495101929,0,"[682373.929759941, 17051660.382955305, 242250830.01347306]","[1, 4, 55]","['averageBytePerNet:[682373.929759941, 4262915.095738826, 4405816.111360612], numNetworkHighestAverageByte: 1']"
61,1498778699.622572,"30/06/2017 07:24:59",41250000.0,3,0,4514864,4514864.0,2.4064312346809666,0,15.009326457977295,0,"[682373.929759941, 17051660.382955305, 246765694.01347306]","[1, 4, 56]","['averageBytePerNet:[682373.929759941, 4262915.095738826, 4404560.54569951], numNetworkHighestAverageByte: 1']"
62,1498778714.6318984,"30/06/2017 07:25:14",41250000.0,3,0,4979672,4979672.0,2.654037823451961,0,15.010101079940796,0,"[682373.929759941, 17051660.382955305, 251745366.01347306]","[1, 4, 57]","['averageBytePerNet:[682373.929759941, 4262915.095738826, 4406530.25024059], numNetworkHighestAverageByte: 1']"
63,1498778729.6419995,"30/06/2017 07:25:29",41250000.0,3,0,4325176,4325176.0,2.3049652746779477,0,15.011682987213135,0,"[682373.929759941, 17051660.382955305, 256070542.01347306]","[1, 4, 58]","['averageBytePerNet:[682373.929759941, 4262915.095738826, 4416585.368657422], numNetworkHighestAverageByte: 1']"
64,1498778744.6536825,"30/06/2017 07:25:44",41250000.0,3,0,4357032,4357032.0,2.3222039264951024,0,15.009989261627197,0,"[682373.929759941, 17051660.382955305, 260427574.01347306]","[1, 4, 59]","['averageBytePerNet:[682373.929759941, 4262915.095738826, 4415009.34505988], numNetworkHighestAverageByte: 1']"
65,1498778759.6636717,"30/06/2017 07:25:59",41250000.0,3,0,2977088,2977088.0,1.5867271657702462,0,15.009955406188965,0,"[682373.929759941, 17051660.382955305, 263404662.01347306]","[1, 4, 60]","['averageBytePerNet:[682373.929759941, 4262915.095738826, 4414026.678194459], numNetworkHighestAverageByte: 1']"
66,1498778774.6736271,"30/06/2017 07:26:14",41250000.0,3,0,4403368,4403368.0,2.3469084756197685,0,15.009935140609741,0,"[682373.929759941, 17051660.382955305, 267808030.01347306]","[1, 4, 61]","['averageBytePerNet:[682373.929759941, 4262915.095738826, 4390077.700224551], numNetworkHighestAverageByte: 1']"
67,1498778789.6835623,"30/06/2017 07:26:29",41250000.0,3,0,3434656,3434656.0,1.8305799993924747,0,15.010132312774658,0,"[682373.929759941, 17051660.382955305, 271242686.01347303]","[1, 4, 62]","['averageBytePerNet:[682373.929759941, 4262915.095738826, 4390295.573991362], numNetworkHighestAverageByte: 1']"
68,1498778804.6936946,"30/06/2017 07:26:44",41250000.0,3,0,4910168,4910168.0,2.616964497596066,0,15.010270118713379,0,"[682373.929759941, 17051660.382955305, 276152854.01347303]","[1, 4, 63]","['averageBytePerNet:[682373.929759941, 4262915.095738826, 4374882.032475372], numNetworkHighestAverageByte: 1']"
69,1498778819.7039647,"30/06/2017 07:26:59",41250000.0,3,0,3796656,3796656.0,2.023600199874547,0,15.009510278701782,0,"[682373.929759941, 17051660.382955305, 279949510.01347303]","[1, 4, 64]","['averageBytePerNet:[682373.929759941, 4262915.095738826, 4383378.635134493], numNetworkHighestAverageByte: 1']"
70,1498778834.713475,"30/06/2017 07:27:14",41250000.0,3,0,4089152,4089152.0,2.1795388299576013,0,15.00923752784729,0,"[682373.929759941, 17051660.382955305, 284038662.01347303]","[1, 4, 65]","['averageBytePerNet:[682373.929759941, 4262915.095738826, 4374211.093960516], numNetworkHighestAverageByte: 1']"
71,1498778849.7227125,"30/06/2017 07:27:29",41250000.0,3,0,3659096,3659096.0,1.9501224724452886,0,15.010733127593994,0,"[682373.929759941, 17051660.382955305, 287697758.01347303]","[1, 4, 66]","['averageBytePerNet:[682373.929759941, 4262915.095738826, 4369825.569438047], numNetworkHighestAverageByte: 1']"
72,1498778864.7334456,"30/06/2017 07:27:44",41250000.0,3,0,4789984,4789984.0,2.5526067019942884,0,15.012054920196533,0,"[682373.929759941, 17051660.382955305, 292487742.01347303]","[1, 4, 67]","['averageBytePerNet:[682373.929759941, 4262915.095738826, 4359056.939598076], numNetworkHighestAverageByte: 1']"
73,1498778879.7455006,"30/06/2017 07:27:59",41250000.0,3,0,4541120,4541120.0,2.420250347592944,0,15.010414123535156,0,"[682373.929759941, 17051660.382955305, 297028862.01347303]","[1, 4, 68]","['averageBytePerNet:[682373.929759941, 4262915.095738826, 4365488.686768254], numNetworkHighestAverageByte: 1']"
74,1498778894.7559147,"30/06/2017 07:28:14",41250000.0,3,0,4093304,4093304.0,2.1812492879032637,0,15.012695789337158,0,"[682373.929759941, 17051660.382955305, 301122166.01347303]","[1, 4, 69]","['averageBytePerNet:[682373.929759941, 4262915.095738826, 4368071.500198133], numNetworkHighestAverageByte: 1']"
75,1498778909.7686105,"30/06/2017 07:28:29",41250000.0,3,0,4775536,4775536.0,2.5449860663081894,0,15.011590242385864,0,"[682373.929759941, 17051660.382955305, 305897702.01347303]","[1, 4, 70]","['averageBytePerNet:[682373.929759941, 4262915.095738826, 4364089.362514102], numNetworkHighestAverageByte: 1']"
76,1498778924.7802007,"30/06/2017 07:28:44",41250000.0,3,0,4536552,4536552.0,2.4176846688059372,0,15.011228084564209,0,"[682373.929759941, 17051660.382955305, 310434254.01347303]","[1, 4, 71]","['averageBytePerNet:[682373.929759941, 4262915.095738826, 4369967.171621043], numNetworkHighestAverageByte: 1']"
77,1498778939.7914288,"30/06/2017 07:28:59",41250000.0,3,0,3197376,3197376.0,1.704080226622593,0,15.010448217391968,0,"[682373.929759941, 17051660.382955305, 313631630.01347303]","[1, 4, 72]","['averageBytePerNet:[682373.929759941, 4262915.095738826, 4372313.436809479], numNetworkHighestAverageByte: 1']"
78,1498778954.801877,"30/06/2017 07:29:14",41250000.0,3,0,4080272,4080272.0,2.1740917338479164,0,15.014166831970215,0,"[682373.929759941, 17051660.382955305, 317711902.01347303]","[1, 4, 73]","['averageBytePerNet:[682373.929759941, 4262915.095738826, 4355994.861298237], numNetworkHighestAverageByte: 1']"
79,1498778969.8160439,"30/06/2017 07:29:29",41250000.0,3,0,4194856,4194856.0,2.235719006022746,0,15.010315656661987,0,"[682373.929759941, 17051660.382955305, 321906758.01347303]","[1, 4, 74]","['averageBytePerNet:[682373.929759941, 4262915.095738826, 4352217.835801001], numNetworkHighestAverageByte: 1']"
80,1498778984.8263595,"30/06/2017 07:29:44",41250000.0,3,0,4105080,4105080.0,2.1880810879296164,0,15.008877038955688,0,"[682373.929759941, 17051660.382955305, 326011838.01347303]","[1, 4, 75]","['averageBytePerNet:[682373.929759941, 4262915.095738826, 4350091.324506393], numNetworkHighestAverageByte: 1']"
81,1498778999.8352365,"30/06/2017 07:29:59",41250000.0,3,0,3857472,3857472.0,2.0560922525831753,0,15.008945226669312,0,"[682373.929759941, 17051660.382955305, 329869310.01347303]","[1, 4, 76]","['averageBytePerNet:[682373.929759941, 4262915.095738826, 4346824.506846307], numNetworkHighestAverageByte: 1']"
82,1498779014.8441818,"30/06/2017 07:30:14",41250000.0,3,0,3100392,3100392.0,1.6524759198045136,0,15.00968074798584,0,"[682373.929759941, 17051660.382955305, 332969702.01347303]","[1, 4, 77]","['averageBytePerNet:[682373.929759941, 4262915.095738826, 4340385.658072013], numNetworkHighestAverageByte: 1']"
83,1498779029.8538625,"30/06/2017 07:30:29",41250000.0,3,0,5219816,5219816.0,2.781969265553025,0,15.010420322418213,0,"[682373.929759941, 17051660.382955305, 338189518.01347303]","[1, 4, 78]","['averageBytePerNet:[682373.929759941, 4262915.095738826, 4324281.844330818], numNetworkHighestAverageByte: 1']"
84,1498779044.8642828,"30/06/2017 07:30:44",41250000.0,3,0,3579456,3579456.0,1.9079225473273287,0,15.00881052017212,0,"[682373.929759941, 17051660.382955305, 341768974.01347303]","[1, 4, 79]","['averageBytePerNet:[682373.929759941, 4262915.095738826, 4335763.0514547825], numNetworkHighestAverageByte: 1']"
85,1498779059.8730934,"30/06/2017 07:30:59",41250000.0,3,0,4807360,4807360.0,2.5623760044405475,0,15.009069681167603,0,"[682373.929759941, 17051660.382955305, 346576334.01347303]","[1, 4, 80]","['averageBytePerNet:[682373.929759941, 4262915.095738826, 4326189.544474342], numNetworkHighestAverageByte: 1']"
86,1498779074.882163,"30/06/2017 07:31:14",41250000.0,3,0,2704864,2704864.0,1.44167937146408,0,15.009517669677734,0,"[682373.929759941, 17051660.382955305, 349281198.01347303]","[1, 4, 81]","['averageBytePerNet:[682373.929759941, 4262915.095738826, 4332204.175168413], numNetworkHighestAverageByte: 1']"
87,1498779089.8916807,"30/06/2017 07:31:29",41250000.0,3,0,2707888,2707888.0,1.4432483014479762,0,15.009963274002075,0,"[682373.929759941, 17051660.382955305, 351989086.01347303]","[1, 4, 82]","['averageBytePerNet:[682373.929759941, 4262915.095738826, 4312113.555721889], numNetworkHighestAverageByte: 1']"
88,1498779104.901644,"30/06/2017 07:31:44",41250000.0,3,0,3897888,3897888.0,2.0772951220149647,0,15.011398077011108,0,"[682373.929759941, 17051660.382955305, 355886974.01347303]","[1, 4, 83]","['averageBytePerNet:[682373.929759941, 4262915.095738826, 4292549.829432598], numNetworkHighestAverageByte: 1']"
89,1498779119.913042,"30/06/2017 07:31:59",41250000.0,3,0,4060192,4060192.0,2.1640795237776516,0,15.009400367736816,0,"[682373.929759941, 17051660.382955305, 359947166.01347303]","[1, 4, 84]","['averageBytePerNet:[682373.929759941, 4262915.095738826, 4287794.867632206], numNetworkHighestAverageByte: 1']"
90,1498779134.9224424,"30/06/2017 07:32:14",41250000.0,3,0,2739648,2739648.0,1.4601312872890637,0,15.010420083999634,0,"[682373.929759941, 17051660.382955305, 362686814.01347303]","[1, 4, 85]","['averageBytePerNet:[682373.929759941, 4262915.095738826, 4285085.309684203], numNetworkHighestAverageByte: 1']"
91,1498779149.9328625,"30/06/2017 07:32:29",41250000.0,3,0,2225544,2225544.0,1.186173597551856,0,15.009904146194458,0,"[682373.929759941, 17051660.382955305, 364912358.01347303]","[1, 4, 86]","['averageBytePerNet:[682373.929759941, 4262915.095738826, 4266903.694276153], numNetworkHighestAverageByte: 1']"
92,1498779164.9427667,"30/06/2017 07:32:44",41250000.0,2,3.827037811279297,2500760,3357454.037119923,1.7908242967341859,0.011578083038330078,14.998474359512329,0,"[682373.929759941, 20409114.42007523, 364912358.01347303]","[1, 5, 86]","['averageBytePerNet:[682373.929759941, 4262915.095738826, 4243166.953645036], numNetworkHighestAverageByte: 1']"
93,1498779179.952819,"30/06/2017 07:32:59",41250000.0,3,3.909078359603882,4936424,6676376.267819719,3.560843979594277,0.012629032135009766,14.999536752700806,2960,"[682373.929759941, 20409114.42007523, 371588734.28129274]","[1, 5, 87]","['averageBytePerNet:[682373.929759941, 4081822.884015046, 4243166.953645036], numNetworkHighestAverageByte: 1']"
94,1498779194.964985,"30/06/2017 07:33:14",41250000.0,3,0,7411280,7411280.0,3.9494759823613013,0,15.012178897857666,0,"[682373.929759941, 20409114.42007523, 379000014.28129274]","[1, 5, 88]","['averageBytePerNet:[682373.929759941, 4081822.884015046, 4271134.876796468], numNetworkHighestAverageByte: 1']"
95,1498779209.9771638,"30/06/2017 07:33:29",41250000.0,3,0,6046240,6046240.0,3.2222490470499032,0,15.011229515075684,0,"[682373.929759941, 20409114.42007523, 385046254.28129274]","[1, 5, 89]","['averageBytePerNet:[682373.929759941, 4081822.884015046, 4306818.344105599], numNetworkHighestAverageByte: 1']"
96,1498779224.9883933,"30/06/2017 07:33:44",41250000.0,3,0,4747992,4747992.0,2.5308202065547083,0,15.00854778289795,0,"[682373.929759941, 20409114.42007523, 389794246.28129274]","[1, 5, 90]","['averageBytePerNet:[682373.929759941, 4081822.884015046, 4326362.407654975], numNetworkHighestAverageByte: 1']"
97,1498779239.996941,"30/06/2017 07:33:59",41250000.0,3,0,4558336,4558336.0,2.4294749673241407,0,15.01011061668396,0,"[682373.929759941, 20409114.42007523, 394352582.28129274]","[1, 5, 91]","['averageBytePerNet:[682373.929759941, 4081822.884015046, 4331047.180903252], numNetworkHighestAverageByte: 1']"
98,1498779255.0070517,"30/06/2017 07:34:15",41250000.0,3,0,3647480,3647480.0,1.9441268572844952,0,15.009226322174072,0,"[682373.929759941, 20409114.42007523, 398000062.28129274]","[1, 5, 92]","['averageBytePerNet:[682373.929759941, 4081822.884015046, 4333544.860233986], numNetworkHighestAverageByte: 1']"
99,1498779270.016278,"30/06/2017 07:34:30",41250000.0,3,0,4129888,4129888.0,2.2011327605822264,0,15.010046005249023,0,"[682373.929759941, 20409114.42007523, 402129950.28129274]","[1, 5, 93]","['averageBytePerNet:[682373.929759941, 4081822.884015046, 4326087.633492312], numNetworkHighestAverageByte: 1']"
100,1498779285.026324,"30/06/2017 07:34:45",41250000.0,3,0,3486624,3486624.0,1.8582719780864625,0,15.010177373886108,0,"[682373.929759941, 20409114.42007523, 405616574.28129274]","[1, 5, 94]","['averageBytePerNet:[682373.929759941, 4081822.884015046, 4323977.9600139], numNetworkHighestAverageByte: 1']"
101,1498779300.0365014,"30/06/2017 07:35:00",41250000.0,3,0,4151384,4151384.0,2.212710489846268,0,15.009226083755493,0,"[682373.929759941, 20409114.42007523, 409767958.28129274]","[1, 5, 95]","['averageBytePerNet:[682373.929759941, 4081822.884015046, 4315069.939162688], numNetworkHighestAverageByte: 1']"
102,1498779315.0457275,"30/06/2017 07:35:15",41250000.0,3,0,4215128,4215128.0,2.2467783643845625,0,15.008611679077148,0,"[682373.929759941, 20409114.42007523, 413983086.28129274]","[1, 5, 96]","['averageBytePerNet:[682373.929759941, 4081822.884015046, 4313346.929276765], numNetworkHighestAverageByte: 1']"
103,1498779330.0543392,"30/06/2017 07:35:30",41250000.0,3,0,3252208,3252208.0,1.7333702043837498,0,15.009871482849121,0,"[682373.929759941, 20409114.42007523, 417235294.28129274]","[1, 5, 97]","['averageBytePerNet:[682373.929759941, 4081822.884015046, 4312323.815430133], numNetworkHighestAverageByte: 1']"
104,1498779345.0642107,"30/06/2017 07:35:45",41250000.0,3,0,4407712,4407712.0,2.349197099376153,0,15.01010537147522,0,"[682373.929759941, 20409114.42007523, 421643006.28129274]","[1, 5, 98]","['averageBytePerNet:[682373.929759941, 4081822.884015046, 4301394.78640508], numNetworkHighestAverageByte: 1']"
105,1498779360.074316,"30/06/2017 07:36:00",41250000.0,3,0,2857320,2857320.0,1.5228873388150919,0,15.010013818740845,0,"[682373.929759941, 20409114.42007523, 424500326.28129274]","[1, 5, 99]","['averageBytePerNet:[682373.929759941, 4081822.884015046, 4302479.655931558], numNetworkHighestAverageByte: 1']"
106,1498779375.0843298,"30/06/2017 07:36:15",41250000.0,3,0,2797120,2797120.0,1.4907687750633882,0,15.01034927368164,0,"[682373.929759941, 20409114.42007523, 427297446.28129274]","[1, 5, 100]","['averageBytePerNet:[682373.929759941, 4081822.884015046, 4287882.083649422], numNetworkHighestAverageByte: 1']"
107,1498779390.094679,"30/06/2017 07:36:30",41250000.0,3,0,3039352,3039352.0,1.619854689641586,0,15.010492086410522,0,"[682373.929759941, 20409114.42007523, 430336798.28129274]","[1, 5, 101]","['averageBytePerNet:[682373.929759941, 4081822.884015046, 4272974.462812928], numNetworkHighestAverageByte: 1']"
108,1498779405.1051712,"30/06/2017 07:36:45",41250000.0,3,0,3633032,3633032.0,1.9364187962412633,0,15.009282112121582,0,"[682373.929759941, 20409114.42007523, 433969830.28129274]","[1, 5, 102]","['averageBytePerNet:[682373.929759941, 4081822.884015046, 4260760.379022701], numNetworkHighestAverageByte: 1']"
109,1498779420.1144533,"30/06/2017 07:37:00",41250000.0,3,0,3975144,3975144.0,2.118552435048831,0,15.010792970657349,0,"[682373.929759941, 20409114.42007523, 437944974.28129274]","[1, 5, 103]","['averageBytePerNet:[682373.929759941, 4081822.884015046, 4254606.17922836], numNetworkHighestAverageByte: 1']"
110,1498779435.1252463,"30/06/2017 07:37:15",41250000.0,3,0,4386120,4386120.0,2.3375399338132743,0,15.01106333732605,0,"[682373.929759941, 20409114.42007523, 442331094.28129274]","[1, 5, 104]","['averageBytePerNet:[682373.929759941, 4081822.884015046, 4251892.954187308], numNetworkHighestAverageByte: 1']"
111,1498779450.1363096,"30/06/2017 07:37:30",41250000.0,3,0,3062040,3062040.0,1.631973171525227,0,15.010246753692627,0,"[682373.929759941, 20409114.42007523, 445393134.28129274]","[1, 5, 105]","['averageBytePerNet:[682373.929759941, 4081822.884015046, 4253183.598858584], numNetworkHighestAverageByte: 1']"
112,1498779465.1465564,"30/06/2017 07:37:45",41250000.0,3,0,4196528,4196528.0,2.2365709070266138,0,15.010578870773315,0,"[682373.929759941, 20409114.42007523, 449589662.28129274]","[1, 5, 106]","['averageBytePerNet:[682373.929759941, 4081822.884015046, 4241839.37410755], numNetworkHighestAverageByte: 1']"
113,1498779480.1571352,"30/06/2017 07:38:00",41250000.0,3,0,3243264,3243264.0,1.7285296531255923,0,15.010510206222534,0,"[682373.929759941, 20409114.42007523, 452832926.28129274]","[1, 5, 107]","['averageBytePerNet:[682373.929759941, 4081822.884015046, 4241411.908314083], numNetworkHighestAverageByte: 1']"
114,1498779495.1676455,"30/06/2017 07:38:15",41250000.0,3,0,3368048,3368048.0,1.7951803113937534,0,15.009291172027588,0,"[682373.929759941, 20409114.42007523, 456200974.28129274]","[1, 5, 108]","['averageBytePerNet:[682373.929759941, 4081822.884015046, 4232083.423189652], numNetworkHighestAverageByte: 1']"
115,1498779510.1769366,"30/06/2017 07:38:30",41250000.0,3,0,2390648,2390648.0,1.2742085061575672,0,15.009461879730225,0,"[682373.929759941, 20409114.42007523, 458591622.28129274]","[1, 5, 109]","['averageBytePerNet:[682373.929759941, 4081822.884015046, 4224083.095197155], numNetworkHighestAverageByte: 1']"
116,1498779525.1863985,"30/06/2017 07:38:45",41250000.0,3,0,3689504,3689504.0,1.9666501832646566,0,15.008277654647827,0,"[682373.929759941, 20409114.42007523, 462281126.28129274]","[1, 5, 110]","['averageBytePerNet:[682373.929759941, 4081822.884015046, 4207262.58973663], numNetworkHighestAverageByte: 1']"
117,1498779540.1946762,"30/06/2017 07:39:00",41250000.0,3,0,4022544,4022544.0,2.143920467175111,0,15.01004934310913,0,"[682373.929759941, 20409114.42007523, 466303670.28129274]","[1, 5, 111]","['averageBytePerNet:[682373.929759941, 4081822.884015046, 4202555.693466297], numNetworkHighestAverageByte: 1']"
118,1498779555.2047255,"30/06/2017 07:39:15",41250000.0,3,0,3108856,3108856.0,1.65689242099296,0,15.010538816452026,0,"[682373.929759941, 20409114.42007523, 469412526.28129274]","[1, 5, 112]","['averageBytePerNet:[682373.929759941, 4081822.884015046, 4200933.966498133], numNetworkHighestAverageByte: 1']"
119,1498779570.2152643,"30/06/2017 07:39:30",41250000.0,3,0,3236280,3236280.0,1.7247861200657146,0,15.010695934295654,0,"[682373.929759941, 20409114.42007523, 472648806.28129274]","[1, 5, 113]","['averageBytePerNet:[682373.929759941, 4081822.884015046, 4191183.270368685], numNetworkHighestAverageByte: 1']"
120,1498779585.2259603,"30/06/2017 07:39:45",41250000.0,3,0,3211508,3211508.0,1.7117641140838395,0,15.009114742279053,0,"[682373.929759941, 20409114.42007523, 475860314.28129274]","[1, 5, 114]","['averageBytePerNet:[682373.929759941, 4081822.884015046, 4182732.798949493], numNetworkHighestAverageByte: 1']"
121,1498779600.235075,"30/06/2017 07:40:00",41250000.0,3,0,3613816,3613816.0,1.9259052147155278,0,15.011397123336792,0,"[682373.929759941, 20409114.42007523, 479474130.28129274]","[1, 5, 115]","['averageBytePerNet:[682373.929759941, 4081822.884015046, 4174213.2831692346], numNetworkHighestAverageByte: 1']"
122,1498779615.2464721,"30/06/2017 07:40:15",41250000.0,3,0,4632788,4632788.0,2.469334730564735,0,15.009023904800415,0,"[682373.929759941, 20409114.42007523, 484106918.28129274]","[1, 5, 116]","['averageBytePerNet:[682373.929759941, 4081822.884015046, 4169340.263315589], numNetworkHighestAverageByte: 1']"
123,1498779630.255496,"30/06/2017 07:40:30",41250000.0,3,0,3850800,3850800.0,2.0522283611758705,0,15.011194944381714,0,"[682373.929759941, 20409114.42007523, 487957718.28129274]","[1, 5, 117]","['averageBytePerNet:[682373.929759941, 4081822.884015046, 4173335.502424937], numNetworkHighestAverageByte: 1']"
124,1498779645.266691,"30/06/2017 07:40:45",41250000.0,3,0,4074840,4074840.0,2.1717185181785905,0,15.010564088821411,0,"[682373.929759941, 20409114.42007523, 492032558.28129274]","[1, 5, 118]","['averageBytePerNet:[682373.929759941, 4081822.884015046, 4170578.7887289976], numNetworkHighestAverageByte: 1']"
125,1498779660.277255,"30/06/2017 07:41:00",41250000.0,3,0,3297888,3297888.0,1.7573305515917843,0,15.013170957565308,0,"[682373.929759941, 20409114.42007523, 495330446.28129274]","[1, 5, 119]","['averageBytePerNet:[682373.929759941, 4081822.884015046, 4169767.443061803], numNetworkHighestAverageByte: 1']"
126,1498779675.290426,"30/06/2017 07:41:15",41250000.0,3,0,3409560,3409560.0,1.8172781654409296,0,15.009523868560791,0,"[682373.929759941, 20409114.42007523, 498740006.28129274]","[1, 5, 120]","['averageBytePerNet:[682373.929759941, 4081822.884015046, 4162440.72505288], numNetworkHighestAverageByte: 1']"
127,1498779690.29995,"30/06/2017 07:41:30",41250000.0,3,0,4255084,4255084.0,2.267866512141249,0,15.009998083114624,0,"[682373.929759941, 20409114.42007523, 502995090.28129274]","[1, 5, 121]","['averageBytePerNet:[682373.929759941, 4081822.884015046, 4156166.7190107726], numNetworkHighestAverageByte: 1']"
128,1498779705.309948,"30/06/2017 07:41:45",41250000.0,3,0,3346012,3346012.0,1.7833681983557694,0,15.009853839874268,0,"[682373.929759941, 20409114.42007523, 506341102.28129274]","[1, 5, 122]","['averageBytePerNet:[682373.929759941, 4081822.884015046, 4156984.2172007663], numNetworkHighestAverageByte: 1']"
129,1498779720.3198018,"30/06/2017 07:42:00",41250000.0,3,0,3981904,3981904.0,2.1220323567368653,0,15.011661767959595,0,"[682373.929759941, 20409114.42007523, 510323006.28129274]","[1, 5, 123]","['averageBytePerNet:[682373.929759941, 4081822.884015046, 4150336.9039450223], numNetworkHighestAverageByte: 1']"
130,1498779735.3314636,"30/06/2017 07:42:15",41250000.0,3,0,4858920,4858920.0,2.589952432375588,0,15.008522748947144,0,"[682373.929759941, 20409114.42007523, 515181926.28129274]","[1, 5, 124]","['averageBytePerNet:[682373.929759941, 4081822.884015046, 4148967.5307422173], numNetworkHighestAverageByte: 1']"
131,1498779750.3399863,"30/06/2017 07:42:30",41250000.0,3,0,3906144,3906144.0,2.082069214575579,0,15.008699893951416,0,"[682373.929759941, 20409114.42007523, 519088070.28129274]","[1, 5, 125]","['averageBytePerNet:[682373.929759941, 4081822.884015046, 4154692.953881393], numNetworkHighestAverageByte: 1']"
132,1498779765.3486862,"30/06/2017 07:42:45",41250000.0,3,0,3815856,3815856.0,2.0339377436744246,0,15.008742570877075,0,"[682373.929759941, 20409114.42007523, 522903926.28129274]","[1, 5, 126]","['averageBytePerNet:[682373.929759941, 4081822.884015046, 4152704.5622503418], numNetworkHighestAverageByte: 1']"
133,1498779780.3574288,"30/06/2017 07:43:00",41250000.0,3,0,3755268,3755268.0,2.001619723163123,0,15.008916854858398,0,"[682373.929759941, 20409114.42007523, 526659194.28129274]","[1, 5, 127]","['averageBytePerNet:[682373.929759941, 4081822.884015046, 4150031.160962641], numNetworkHighestAverageByte: 1']"
134,1498779795.3663456,"30/06/2017 07:43:15",41250000.0,3,0,3388176,3388176.0,1.805967379798928,0,15.008802652359009,0,"[682373.929759941, 20409114.42007523, 530047370.28129274]","[1, 5, 128]","['averageBytePerNet:[682373.929759941, 4081822.884015046, 4146922.789616478], numNetworkHighestAverageByte: 1']"
135,1498779810.3751483,"30/06/2017 07:43:30",41250000.0,3,0,2889468,2889468.0,1.5401626079940884,0,15.008638620376587,0,"[682373.929759941, 20409114.42007523, 532936838.28129274]","[1, 5, 129]","['averageBytePerNet:[682373.929759941, 4081822.884015046, 4140995.0803225995], numNetworkHighestAverageByte: 1']"
136,1498779825.383787,"30/06/2017 07:43:45",41250000.0,3,0,3914792,3914792.0,2.0864581340563415,0,15.010287284851074,0,"[682373.929759941, 20409114.42007523, 536851630.28129274]","[1, 5, 130]","['averageBytePerNet:[682373.929759941, 4081822.884015046, 4131293.3200100213], numNetworkHighestAverageByte: 1']"
137,1498779840.3940742,"30/06/2017 07:44:00",41250000.0,3,0,3362916,3362916.0,1.7924253786479785,0,15.00945496559143,0,"[682373.929759941, 20409114.42007523, 540214546.2812927]","[1, 5, 131]","['averageBytePerNet:[682373.929759941, 4081822.884015046, 4129627.925240713], numNetworkHighestAverageByte: 1']"
138,1498779855.4035292,"30/06/2017 07:44:15",41250000.0,3,0,3825088,3825088.0,2.03872806164276,0,15.009703636169434,0,"[682373.929759941, 20409114.42007523, 544039634.2812927]","[1, 5, 132]","['averageBytePerNet:[682373.929759941, 4081822.884015046, 4123775.162452616], numNetworkHighestAverageByte: 1']"
139,1498779870.4132328,"30/06/2017 07:44:30",41250000.0,3,0,4646268,4646268.0,2.4764724955372057,0,15.009310245513916,0,"[682373.929759941, 20409114.42007523, 548685902.2812927]","[1, 5, 133]","['averageBytePerNet:[682373.929759941, 4081822.884015046, 4121512.3809188837], numNetworkHighestAverageByte: 1']"
140,1498779885.422543,"30/06/2017 07:44:45",41250000.0,3,0,3756456,3756456.0,2.0019990076705434,0,15.010820627212524,0,"[682373.929759941, 20409114.42007523, 552442358.2812927]","[1, 5, 134]","['averageBytePerNet:[682373.929759941, 4081822.884015046, 4125457.9118894185], numNetworkHighestAverageByte: 1']"
141,1498779900.4333637,"30/06/2017 07:45:00",41250000.0,3,0,3923964,3923964.0,2.091592558339879,0,15.008521556854248,0,"[682373.929759941, 20409114.42007523, 556366322.2812927]","[1, 5, 135]","['averageBytePerNet:[682373.929759941, 4081822.884015046, 4122704.1662783036], numNetworkHighestAverageByte: 1']"
142,1498779915.4418852,"30/06/2017 07:45:15",41250000.0,3,0,3794472,3794472.0,2.0224888891754103,0,15.009118795394897,0,"[682373.929759941, 20409114.42007523, 560160794.2812927]","[1, 5, 136]","['averageBytePerNet:[682373.929759941, 4081822.884015046, 4121232.0168984644], numNetworkHighestAverageByte: 1']"
143,1498779930.451004,"30/06/2017 07:45:30",41250000.0,3,0,3325212,3325212.0,1.7723825123152164,0,15.00900387763977,0,"[682373.929759941, 20409114.42007523, 563486006.2812927]","[1, 5, 137]","['averageBytePerNet:[682373.929759941, 4081822.884015046, 4118829.3697153875], numNetworkHighestAverageByte: 1']"
144,1498779945.460008,"30/06/2017 07:45:45",41250000.0,3,0,3407184,3407184.0,1.816098947555994,0,15.008803367614746,0,"[682373.929759941, 20409114.42007523, 566893190.2812927]","[1, 5, 138]","['averageBytePerNet:[682373.929759941, 4081822.884015046, 4113036.542199217], numNetworkHighestAverageByte: 1']"
145,1498779960.4688113,"30/06/2017 07:46:00",41250000.0,3,0,3522420,3522420.0,1.8775487328695613,0,15.008590459823608,0,"[682373.929759941, 20409114.42007523, 570415610.2812927]","[1, 5, 139]","['averageBytePerNet:[682373.929759941, 4081822.884015046, 4107921.668705019], numNetworkHighestAverageByte: 1']"
146,1498779975.4774017,"30/06/2017 07:46:15",41250000.0,3,0,3806624,3806624.0,2.0290766697309492,0,15.008300304412842,0,"[682373.929759941, 20409114.42007523, 574222234.2812927]","[1, 5, 140]","['averageBytePerNet:[682373.929759941, 4081822.884015046, 4103709.42648412], numNetworkHighestAverageByte: 1']"
147,1498779990.485702,"30/06/2017 07:46:30",41250000.0,3,0,3014872,3014872.0,1.6068686104900416,0,15.009924173355103,0,"[682373.929759941, 20409114.42007523, 577237106.2812927]","[1, 5, 141]","['averageBytePerNet:[682373.929759941, 4081822.884015046, 4101587.387723519], numNetworkHighestAverageByte: 1']"
148,1498780005.4956262,"30/06/2017 07:46:45",41250000.0,3,0,3351348,3351348.0,1.9137623909118504,0,14.0094633102417,0,"[682373.929759941, 20409114.42007523, 580588454.2812927]","[1, 5, 142]","['averageBytePerNet:[682373.929759941, 4081822.884015046, 4093880.1863921466], numNetworkHighestAverageByte: 1']"
149,1498780019.5050895,"30/06/2017 07:46:59",41250000.0,3,0,2814060,2814060.0,1.499879355984606,0,15.009527206420898,0,"[682373.929759941, 20409114.42007523, 583402514.2812927]","[1, 5, 143]","['averageBytePerNet:[682373.929759941, 4081822.884015046, 4088651.0864879764], numNetworkHighestAverageByte: 1']"
150,1498780034.5146167,"30/06/2017 07:47:14",41250000.0,2,3.8453686237335205,3275440,4404626.116119952,2.349186726392144,0.010210275650024414,14.99966287612915,312,"[682373.929759941, 24813740.53619518, 583402514.2812927]","[1, 6, 143]","['averageBytePerNet:[682373.929759941, 4081822.884015046, 4079737.8621069416], numNetworkHighestAverageByte: 1']"
151,1498780049.5244899,"30/06/2017 07:47:29",41250000.0,2,0,5990920,5990920.0,3.192248442240498,0,15.013668537139893,0,"[682373.929759941, 30804660.53619518, 583402514.2812927]","[1, 7, 143]","['averageBytePerNet:[682373.929759941, 4135623.4226991967, 4079737.8621069416], numNetworkHighestAverageByte: 1']"
152,1498780064.5381584,"30/06/2017 07:47:44",41250000.0,2,0,5902888,5902888.0,3.1458065234159847,0,15.011445760726929,0,"[682373.929759941, 36707548.53619518, 583402514.2812927]","[1, 8, 143]","['averageBytePerNet:[682373.929759941, 4400665.790885026, 4079737.8621069416], numNetworkHighestAverageByte: 1']"
153,1498780079.5496042,"30/06/2017 07:47:59",41250000.0,2,0,6175720,6175720.0,3.291431547226565,0,15.010416984558105,0,"[682373.929759941, 42883268.53619518, 583402514.2812927]","[1, 9, 143]","['averageBytePerNet:[682373.929759941, 4588443.567024398, 4079737.8621069416], numNetworkHighestAverageByte: 1']"
154,1498780094.5600212,"30/06/2017 07:48:14",41250000.0,2,0,6398712,6398712.0,3.4104577614381464,0,15.009626150131226,0,"[682373.929759941, 49281980.53619518, 583402514.2812927]","[1, 10, 143]","['averageBytePerNet:[682373.929759941, 4764807.6151327975, 4079737.8621069416], numNetworkHighestAverageByte: 1']"
155,1498780109.5696473,"30/06/2017 07:48:29",41250000.0,2,0,5811528,5811528.0,3.0976161735933765,0,15.009033203125,0,"[682373.929759941, 55093508.53619518, 583402514.2812927]","[1, 11, 143]","['averageBytePerNet:[682373.929759941, 4928198.053619518, 4079737.8621069416], numNetworkHighestAverageByte: 1']"
156,1498780124.5786805,"30/06/2017 07:48:44",41250000.0,2,0,6914944,6914944.0,3.685124165516756,0,15.011584281921387,0,"[682373.929759941, 62008452.53619518, 583402514.2812927]","[1, 12, 143]","['averageBytePerNet:[682373.929759941, 5008500.776017744, 4079737.8621069416], numNetworkHighestAverageByte: 1']"
157,1498780139.5902648,"30/06/2017 07:48:59",41250000.0,2,0,5962864,5962864.0,3.178314057624808,0,15.008872985839844,0,"[682373.929759941, 67971316.53619519, 583402514.2812927]","[1, 13, 143]","['averageBytePerNet:[682373.929759941, 5167371.044682932, 4079737.8621069416], numNetworkHighestAverageByte: 1']"
158,1498780154.5991378,"30/06/2017 07:49:14",41250000.0,2,0,6213368,6213368.0,3.3117441973874575,0,15.009294509887695,0,"[682373.929759941, 74184684.53619519, 583402514.2812927]","[1, 14, 143]","['averageBytePerNet:[682373.929759941, 5228562.810476553, 4079737.8621069416], numNetworkHighestAverageByte: 1']"
159,1498780169.6084323,"30/06/2017 07:49:29",41250000.0,2,0,6314728,6314728.0,3.365707584572653,0,15.009570121765137,0,"[682373.929759941, 80499412.53619519, 583402514.2812927]","[1, 15, 143]","['averageBytePerNet:[682373.929759941, 5298906.0382996565, 4079737.8621069416], numNetworkHighestAverageByte: 1']"
160,1498780184.6180024,"30/06/2017 07:49:44",41250000.0,2,0,4438120,4438120.0,2.3655190944532154,0,15.009373664855957,0,"[682373.929759941, 84937532.53619519, 583402514.2812927]","[1, 16, 143]","['averageBytePerNet:[682373.929759941, 5366627.502413013, 4079737.8621069416], numNetworkHighestAverageByte: 1']"
161,1498780199.627376,"30/06/2017 07:49:59",41250000.0,2,0,5053520,5053520.0,2.693570879973827,0,15.009131669998169,0,"[682373.929759941, 89991052.53619519, 583402514.2812927]","[1, 17, 143]","['averageBytePerNet:[682373.929759941, 5308595.783512199, 4079737.8621069416], numNetworkHighestAverageByte: 1']"
162,1498780214.6365077,"30/06/2017 07:50:14",41250000.0,2,0,5277960,5277960.0,2.813288182761688,0,15.008657932281494,0,"[682373.929759941, 95269012.53619519, 583402514.2812927]","[1, 18, 143]","['averageBytePerNet:[682373.929759941, 5293591.32565854, 4079737.8621069416], numNetworkHighestAverageByte: 1']"
163,1498780229.6451657,"30/06/2017 07:50:29",41250000.0,2,0,6662664,6662664.0,3.5511982869196026,0,15.009387731552124,0,"[682373.929759941, 101931676.53619519, 583402514.2812927]","[1, 19, 143]","['averageBytePerNet:[682373.929759941, 5292722.918677511, 4079737.8621069416], numNetworkHighestAverageByte: 1']"
164,1498780244.6545534,"30/06/2017 07:50:44",41250000.0,2,0,5296368,5296368.0,2.8228587335326494,0,15.009941339492798,0,"[682373.929759941, 107228044.53619519, 583402514.2812927]","[1, 20, 143]","['averageBytePerNet:[682373.929759941, 5364825.080852378, 4079737.8621069416], numNetworkHighestAverageByte: 1']"
165,1498780259.6644948,"30/06/2017 07:50:59",41250000.0,2,0,7048864,7048864.0,3.757246966486215,0,15.008572101593018,0,"[682373.929759941, 114276908.53619519, 583402514.2812927]","[1, 21, 143]","['averageBytePerNet:[682373.929759941, 5361402.22680976, 4079737.8621069416], numNetworkHighestAverageByte: 1']"
166,1498780274.6730669,"30/06/2017 07:51:14",41250000.0,2,0,6164136,6164136.0,3.2855561024875026,0,15.009053707122803,0,"[682373.929759941, 120441044.53619519, 583402514.2812927]","[1, 22, 143]","['averageBytePerNet:[682373.929759941, 5441757.549342628, 4079737.8621069416], numNetworkHighestAverageByte: 1']"
167,1498780289.6821206,"30/06/2017 07:51:29",41250000.0,2,0,5760144,5760144.0,3.070109017881742,0,15.00961422920227,0,"[682373.929759941, 126201188.53619519, 583402514.2812927]","[1, 23, 143]","['averageBytePerNet:[682373.929759941, 5474592.933463418, 4079737.8621069416], numNetworkHighestAverageByte: 1']"
168,1498780304.6917348,"30/06/2017 07:51:44",41250000.0,2,0,5528496,5528496.0,2.9468295538676577,0,15.00866174697876,0,"[682373.929759941, 131729684.53619519, 583402514.2812927]","[1, 24, 143]","['averageBytePerNet:[682373.929759941, 5487008.197225878, 4079737.8621069416], numNetworkHighestAverageByte: 1']"
169,1498780319.7003965,"30/06/2017 07:51:59",41250000.0,2,0,5654632,5654632.0,3.013653613079289,0,15.010701894760132,0,"[682373.929759941, 137384316.5361952, 583402514.2812927]","[1, 25, 143]","['averageBytePerNet:[682373.929759941, 5488736.8556747995, 4079737.8621069416], numNetworkHighestAverageByte: 1']"
170,1498780334.7110984,"30/06/2017 07:52:14",41250000.0,2,0,6407176,6407176.0,3.414868975492409,0,15.010065793991089,0,"[682373.929759941, 143791492.5361952, 583402514.2812927]","[1, 26, 143]","['averageBytePerNet:[682373.929759941, 5495372.661447807, 4079737.8621069416], numNetworkHighestAverageByte: 1']"
171,1498780349.7211642,"30/06/2017 07:52:29",41250000.0,2,0,6130832,6130832.0,3.2676960934915886,0,15.009552478790283,0,"[682373.929759941, 149922324.5361952, 583402514.2812927]","[1, 27, 143]","['averageBytePerNet:[682373.929759941, 5530442.020622892, 4079737.8621069416], numNetworkHighestAverageByte: 1']"
172,1498780364.7307167,"30/06/2017 07:52:44",41250000.0,2,0,5884672,5884672.0,3.1365532535893865,0,15.009270429611206,0,"[682373.929759941, 155806996.5361952, 583402514.2812927]","[1, 28, 143]","['averageBytePerNet:[682373.929759941, 5552678.686525748, 4079737.8621069416], numNetworkHighestAverageByte: 1']"
173,1498780379.7399871,"30/06/2017 07:52:59",41250000.0,2,0,5492264,5492264.0,2.9271781780026154,0,15.010398864746094,0,"[682373.929759941, 161299260.5361952, 583402514.2812927]","[1, 29, 143]","['averageBytePerNet:[682373.929759941, 5564535.5905784, 4079737.8621069416], numNetworkHighestAverageByte: 1']"
174,1498780394.750386,"30/06/2017 07:53:14",41250000.0,2,0,5404416,5404416.0,2.880622327462586,0,15.009023427963257,0,"[682373.929759941, 166703676.5361952, 583402514.2812927]","[1, 30, 143]","['averageBytePerNet:[682373.929759941, 5562043.466765352, 4079737.8621069416], numNetworkHighestAverageByte: 1']"
175,1498780409.7594094,"30/06/2017 07:53:29",41250000.0,2,0,6716824,6716824.0,3.5794399442427465,0,15.012011051177979,0,"[682373.929759941, 173420500.5361952, 583402514.2812927]","[1, 31, 143]","['averageBytePerNet:[682373.929759941, 5556789.217873173, 4079737.8621069416], numNetworkHighestAverageByte: 1']"
176,1498780424.7714205,"30/06/2017 07:53:44",41250000.0,2,0,5573320,5573320.0,2.9703954584035075,0,15.010311126708984,0,"[682373.929759941, 178993820.5361952, 583402514.2812927]","[1, 32, 143]","['averageBytePerNet:[682373.929759941, 5594209.694715974, 4079737.8621069416], numNetworkHighestAverageByte: 1']"
177,1498780439.7817316,"30/06/2017 07:53:59",41250000.0,2,0,5907840,5907840.0,3.1488137064769512,0,15.009690761566162,0,"[682373.929759941, 184901660.5361952, 583402514.2812927]","[1, 33, 143]","['averageBytePerNet:[682373.929759941, 5593556.8917561, 4079737.8621069416], numNetworkHighestAverageByte: 1']"
178,1498780454.7914224,"30/06/2017 07:54:14",41250000.0,2,0,4668416,4668416.0,2.488358109385836,0,15.00882363319397,0,"[682373.929759941, 189570076.5361952, 583402514.2812927]","[1, 34, 143]","['averageBytePerNet:[682373.929759941, 5603080.622308945, 4079737.8621069416], numNetworkHighestAverageByte: 1']"
179,1498780469.800246,"30/06/2017 07:54:29",41250000.0,2,0,6825808,6825808.0,3.6379954860556016,0,15.0100417137146,0,"[682373.929759941, 196395884.5361952, 583402514.2812927]","[1, 35, 143]","['averageBytePerNet:[682373.929759941, 5575590.486358682, 4079737.8621069416], numNetworkHighestAverageByte: 1']"
180,1498780484.8102877,"30/06/2017 07:54:44",41250000.0,2,0,6392920,6392920.0,3.407032542915212,0,15.011115789413452,0,"[682373.929759941, 202788804.5361952, 583402514.2812927]","[1, 36, 143]","['averageBytePerNet:[682373.929759941, 5611310.986748434, 4079737.8621069416], numNetworkHighestAverageByte: 1']"
181,1498780499.8214035,"30/06/2017 07:54:59",41250000.0,2,0,6113456,6113456.0,3.25850042243961,0,15.009250164031982,0,"[682373.929759941, 208902260.5361952, 583402514.2812927]","[1, 37, 143]","['averageBytePerNet:[682373.929759941, 5633022.348227644, 4079737.8621069416], numNetworkHighestAverageByte: 1']"
182,1498780514.8306537,"30/06/2017 07:55:14",41250000.0,2,0,6498976,6498976.0,3.463835811664574,0,15.009893894195557,0,"[682373.929759941, 215401236.5361952, 583402514.2812927]","[1, 38, 143]","['averageBytePerNet:[682373.929759941, 5646007.041518789, 4079737.8621069416], numNetworkHighestAverageByte: 1']"
183,1498780529.8405476,"30/06/2017 07:55:29",41250000.0,2,0,7440920,7440920.0,3.9656275032954267,0,15.01082992553711,0,"[682373.929759941, 222842156.5361952, 583402514.2812927]","[1, 39, 143]","['averageBytePerNet:[682373.929759941, 5668453.593057768, 4079737.8621069416], numNetworkHighestAverageByte: 1']"
184,1498780544.8513775,"30/06/2017 07:55:44",41250000.0,2,0,5458960,5458960.0,2.9097421175282445,0,15.008780241012573,0,"[682373.929759941, 228301116.5361952, 583402514.2812927]","[1, 40, 143]","['averageBytePerNet:[682373.929759941, 5713901.449646031, 4079737.8621069416], numNetworkHighestAverageByte: 1']"
185,1498780559.8601577,"30/06/2017 07:55:59",41250000.0,2,0,6939160,6939160.0,3.6983112812745453,0,15.010440111160278,0,"[682373.929759941, 235240276.5361952, 583402514.2812927]","[1, 41, 143]","['averageBytePerNet:[682373.929759941, 5707527.91340488, 4079737.8621069416], numNetworkHighestAverageByte: 1']"
186,1498780574.8705978,"30/06/2017 07:56:14",41250000.0,2,0,5639616,5639616.0,3.0053168889249293,0,15.012369632720947,0,"[682373.929759941, 240879892.5361952, 583402514.2812927]","[1, 42, 143]","['averageBytePerNet:[682373.929759941, 5737567.720395004, 4079737.8621069416], numNetworkHighestAverageByte: 1']"
187,1498780589.8829675,"30/06/2017 07:56:29",41250000.0,2,0,5755800,5755800.0,3.067782591472753,0,15.009668588638306,0,"[682373.929759941, 246635692.5361952, 583402514.2812927]","[1, 43, 143]","['averageBytePerNet:[682373.929759941, 5735235.5365760755, 4079737.8621069416], numNetworkHighestAverageByte: 1']"
188,1498780604.892636,"30/06/2017 07:56:44",41250000.0,2,0,6363960,6363960.0,3.3916955045021484,0,15.010687112808228,0,"[682373.929759941, 252999652.5361952, 583402514.2812927]","[1, 44, 143]","['averageBytePerNet:[682373.929759941, 5735713.779911516, 4079737.8621069416], numNetworkHighestAverageByte: 1']"
189,1498780619.9033232,"30/06/2017 07:56:59",41250000.0,2,0,5574800,5574800.0,2.9712193617161056,0,15.010133743286133,0,"[682373.929759941, 258574452.5361952, 583402514.2812927]","[1, 45, 143]","['averageBytePerNet:[682373.929759941, 5749992.103095345, 4079737.8621069416], numNetworkHighestAverageByte: 1']"
190,1498780634.913457,"30/06/2017 07:57:14",41250000.0,2,0,6310384,6310384.0,3.3633172539058007,0,15.009904861450195,0,"[682373.929759941, 264884836.5361952, 583402514.2812927]","[1, 46, 143]","['averageBytePerNet:[682373.929759941, 5746098.945248782, 4079737.8621069416], numNetworkHighestAverageByte: 1']"
191,1498780649.9233618,"30/06/2017 07:57:29",41250000.0,2,0,6891096,6891096.0,3.672640084369948,0,15.010664463043213,0,"[682373.929759941, 271775932.53619516, 583402514.2812927]","[1, 47, 143]","['averageBytePerNet:[682373.929759941, 5758366.0116564175, 4079737.8621069416], numNetworkHighestAverageByte: 1']"
192,1498780664.9340262,"30/06/2017 07:57:44",41250000.0,2,0,6460944,6460944.0,3.443469511040314,0,15.0103120803833,0,"[682373.929759941, 278236876.53619516, 583402514.2812927]","[1, 48, 143]","['averageBytePerNet:[682373.929759941, 5782466.64970628, 4079737.8621069416], numNetworkHighestAverageByte: 1']"
193,1498780679.9443383,"30/06/2017 07:57:59",41250000.0,2,0,6391440,6391440.0,3.4066705938438964,0,15.009235143661499,0,"[682373.929759941, 284628316.53619516, 583402514.2812927]","[1, 49, 143]","['averageBytePerNet:[682373.929759941, 5796601.594504066, 4079737.8621069416], numNetworkHighestAverageByte: 1']"
194,1498780694.9535735,"30/06/2017 07:58:14",41250000.0,2,0,6640528,6640528.0,3.5394398911003475,0,15.009217739105225,0,"[682373.929759941, 291268844.53619516, 583402514.2812927]","[1, 50, 143]","['averageBytePerNet:[682373.929759941, 5808741.153799901, 4079737.8621069416], numNetworkHighestAverageByte: 1']"
195,1498780709.9627912,"30/06/2017 07:58:29",41250000.0,2,0,5725392,5725392.0,3.0512851170562243,0,15.011096715927124,0,"[682373.929759941, 296994236.53619516, 583402514.2812927]","[1, 51, 143]","['averageBytePerNet:[682373.929759941, 5825376.890723903, 4079737.8621069416], numNetworkHighestAverageByte: 1']"
196,1498780724.973888,"30/06/2017 07:58:44",41250000.0,2,0,6253944,6253944.0,3.3327544211416984,0,15.012072801589966,0,"[682373.929759941, 303248180.53619516, 583402514.2812927]","[1, 52, 143]","['averageBytePerNet:[682373.929759941, 5823416.402670493, 4079737.8621069416], numNetworkHighestAverageByte: 1']"
197,1498780739.9859607,"30/06/2017 07:58:59",41250000.0,2,0,5868712,5868712.0,3.1273622547362065,0,15.012554407119751,0,"[682373.929759941, 309116892.53619516, 583402514.2812927]","[1, 53, 143]","['averageBytePerNet:[682373.929759941, 5831695.779542214, 4079737.8621069416], numNetworkHighestAverageByte: 1']"
198,1498780754.9985151,"30/06/2017 07:59:14",41250000.0,2,0,6126488,6126488.0,3.2650881504318883,0,15.010897636413574,0,"[682373.929759941, 315243380.53619516, 583402514.2812927]","[1, 54, 143]","['averageBytePerNet:[682373.929759941, 5832394.198796135, 4079737.8621069416], numNetworkHighestAverageByte: 1']"
199,1498780770.0094128,"30/06/2017 07:59:30",41250000.0,2,0,6201584,6201584.0,3.3054244874854346,0,15.009470701217651,0,"[682373.929759941, 321444964.53619516, 583402514.2812927]","[1, 55, 143]","['averageBytePerNet:[682373.929759941, 5837840.38029991, 4079737.8621069416], numNetworkHighestAverageByte: 1']"
200,1498780785.0188835,"30/06/2017 07:59:45",41250000.0,2,0,6614664,6614664.0,3.525353959530729,0,15.010496139526367,0,"[682373.929759941, 328059628.53619516, 583402514.2812927]","[1, 56, 143]","['averageBytePerNet:[682373.929759941, 5844453.900658093, 4079737.8621069416], numNetworkHighestAverageByte: 1']"
201,1498780800.0293796,"30/06/2017 08:00:00",41250000.0,2,0,5949832,5949832.0,3.1712560327057884,0,15.009401798248291,0,"[682373.929759941, 334009460.53619516, 583402514.2812927]","[1, 57, 143]","['averageBytePerNet:[682373.929759941, 5858207.652432056, 4079737.8621069416], numNetworkHighestAverageByte: 1']"
202,1498780815.0387814,"30/06/2017 08:00:15",41250000.0,2,0,6154000,6154000.0,3.2797894261014244,0,15.010719776153564,0,"[682373.929759941, 340163460.53619516, 583402514.2812927]","[1, 58, 143]","['averageBytePerNet:[682373.929759941, 5859815.097126231, 4079737.8621069416], numNetworkHighestAverageByte: 1']"
203,1498780830.0495012,"30/06/2017 08:00:30",41250000.0,2,0,5637064,5637064.0,3.0044671641925507,0,15.009820222854614,0,"[682373.929759941, 345800524.53619516, 583402514.2812927]","[1, 59, 143]","['averageBytePerNet:[682373.929759941, 5864887.250624054, 4079737.8621069416], numNetworkHighestAverageByte: 1']"
204,1498780845.0593214,"30/06/2017 08:00:45",41250000.0,2,0,6821528,6821528.0,3.6359895435122995,0,15.00890564918518,0,"[682373.929759941, 352622052.53619516, 583402514.2812927]","[1, 60, 143]","['averageBytePerNet:[682373.929759941, 5861025.839596529, 4079737.8621069416], numNetworkHighestAverageByte: 1']"
205,1498780860.068227,"30/06/2017 08:01:00",41250000.0,2,0,5579144,5579144.0,2.9737582066653925,0,15.009005069732666,0,"[682373.929759941, 358201196.53619516, 583402514.2812927]","[1, 61, 143]","['averageBytePerNet:[682373.929759941, 5877034.208936586, 4079737.8621069416], numNetworkHighestAverageByte: 1']"
206,1498780875.0772321,"30/06/2017 08:01:15",41250000.0,2,0,5621488,5621488.0,2.996334216153646,0,15.008974552154541,0,"[682373.929759941, 363822684.53619516, 583402514.2812927]","[1, 62, 143]","['averageBytePerNet:[682373.929759941, 5872150.7628884455, 4079737.8621069416], numNetworkHighestAverageByte: 1']"
207,1498780890.0862067,"30/06/2017 08:01:30",41250000.0,2,0,6786488,6786488.0,3.617087569408838,0,15.009839534759521,0,"[682373.929759941, 370609172.53619516, 583402514.2812927]","[1, 63, 143]","['averageBytePerNet:[682373.929759941, 5868107.815099922, 4079737.8621069416], numNetworkHighestAverageByte: 1']"
208,1498780905.0960462,"30/06/2017 08:01:45",41250000.0,2,0,6075064,6075064.0,3.2375028273593167,0,15.011728048324585,0,"[682373.929759941, 376684236.53619516, 583402514.2812927]","[1, 64, 143]","['averageBytePerNet:[682373.929759941, 5882685.278352304, 4079737.8621069416], numNetworkHighestAverageByte: 1']"
209,1498780920.1077743,"30/06/2017 08:02:00",41250000.0,2,0,5798472,5798472.0,3.0897761093732945,0,15.013313055038452,0,"[682373.929759941, 382482708.53619516, 583402514.2812927]","[1, 65, 143]","['averageBytePerNet:[682373.929759941, 5885691.195878049, 4079737.8621069416], numNetworkHighestAverageByte: 1']"
210,1498780935.1210873,"30/06/2017 08:02:15",41250000.0,2,0,6306040,6306040.0,3.36133771017345,0,15.008405685424805,0,"[682373.929759941, 388788748.53619516, 583402514.2812927]","[1, 66, 143]","['averageBytePerNet:[682373.929759941, 5884349.36209531, 4079737.8621069416], numNetworkHighestAverageByte: 1']"
211,1498780950.129493,"30/06/2017 08:02:30",41250000.0,2,0,6533376,6533376.0,3.48254471559389,0,15.008280515670776,0,"[682373.929759941, 395322124.53619516, 583402514.2812927]","[1, 67, 143]","['averageBytePerNet:[682373.929759941, 5890738.614184775, 4079737.8621069416], numNetworkHighestAverageByte: 1']"
212,1498780965.1377735,"30/06/2017 08:02:45",41250000.0,2,0,5134608,5134608.0,2.736728813956625,0,15.009475469589233,0,"[682373.929759941, 400456732.53619516, 583402514.2812927]","[1, 68, 143]","['averageBytePerNet:[682373.929759941, 5900330.216958136, 4079737.8621069416], numNetworkHighestAverageByte: 1']"
213,1498780980.147249,"30/06/2017 08:03:00",41250000.0,2,0,5369600,5369600.0,2.862077778426066,0,15.00895619392395,0,"[682373.929759941, 405826332.53619516, 583402514.2812927]","[1, 69, 143]","['averageBytePerNet:[682373.929759941, 5889069.596120517, 4079737.8621069416], numNetworkHighestAverageByte: 1']"
214,1498780995.1562052,"30/06/2017 08:03:15",41250000.0,2,0,5922864,5922864.0,3.156893341467048,0,15.009348392486572,0,"[682373.929759941, 411749196.53619516, 583402514.2812927]","[1, 70, 143]","['averageBytePerNet:[682373.929759941, 5881541.051249205, 4079737.8621069416], numNetworkHighestAverageByte: 1']"
215,1498781010.1655536,"30/06/2017 08:03:30",41250000.0,2,0,5743256,5743256.0,3.0609029667116423,0,15.010618925094604,0,"[682373.929759941, 417492452.53619516, 583402514.2812927]","[1, 71, 143]","['averageBytePerNet:[682373.929759941, 5882131.379088502, 4079737.8621069416], numNetworkHighestAverageByte: 1']"
216,1498781025.1761725,"30/06/2017 08:03:45",41250000.0,2,0,6516000,6516000.0,3.473175866535149,0,15.008741855621338,0,"[682373.929759941, 424008452.53619516, 583402514.2812927]","[1, 72, 143]","['averageBytePerNet:[682373.929759941, 5880175.387833735, 4079737.8621069416], numNetworkHighestAverageByte: 1']"
217,1498781040.1849144,"30/06/2017 08:04:00",41250000.0,2,0,6466504,6466504.0,3.446301322065519,0,15.010884761810303,0,"[682373.929759941, 430474956.53619516, 583402514.2812927]","[1, 73, 143]","['averageBytePerNet:[682373.929759941, 5889006.285224933, 4079737.8621069416], numNetworkHighestAverageByte: 1']"
218,1498781055.195799,"30/06/2017 08:04:15",41250000.0,2,0,6178976,6178976.0,3.293207413976135,0,15.010232210159302,0,"[682373.929759941, 436653932.53619516, 583402514.2812927]","[1, 74, 143]","['averageBytePerNet:[682373.929759941, 5896917.212824591, 4079737.8621069416], numNetworkHighestAverageByte: 1']"
219,1498781070.2060313,"30/06/2017 08:04:30",41250000.0,2,0,5358952,5358952.0,2.856223379952626,0,15.009896039962769,0,"[682373.929759941, 442012884.53619516, 583402514.2812927]","[1, 75, 143]","['averageBytePerNet:[682373.929759941, 5900728.818056691, 4079737.8621069416], numNetworkHighestAverageByte: 1']"
220,1498781085.2159274,"30/06/2017 08:04:45",41250000.0,2,0,6059912,6059912.0,3.229836601518205,0,15.00982928276062,0,"[682373.929759941, 448072796.53619516, 583402514.2812927]","[1, 76, 143]","['averageBytePerNet:[682373.929759941, 5893505.127149269, 4079737.8621069416], numNetworkHighestAverageByte: 1']"
221,1498781100.2257566,"30/06/2017 08:05:00",41250000.0,2,0,4994120,4994120.0,2.6618287597680026,0,15.00959062576294,0,"[682373.929759941, 453066916.53619516, 583402514.2812927]","[1, 77, 143]","['averageBytePerNet:[682373.929759941, 5895694.6912657255, 4079737.8621069416], numNetworkHighestAverageByte: 1']"
222,1498781115.2353473,"30/06/2017 08:05:15",41250000.0,2,0,5686296,5686296.0,3.030929524628566,0,15.008718490600586,0,"[682373.929759941, 458753212.53619516, 583402514.2812927]","[1, 78, 143]","['averageBytePerNet:[682373.929759941, 5883985.929041496, 4079737.8621069416], numNetworkHighestAverageByte: 1']"
223,1498781130.2440658,"30/06/2017 08:05:30",41250000.0,2,0,6609792,6609792.0,3.5231688511086303,0,15.008743047714233,0,"[682373.929759941, 465363004.53619516, 583402514.2812927]","[1, 79, 143]","['averageBytePerNet:[682373.929759941, 5881451.442771733, 4079737.8621069416], numNetworkHighestAverageByte: 1']"
224,1498781145.2528088,"30/06/2017 08:05:45",41250000.0,2,0,6755248,6755248.0,3.6004606634281315,0,15.00974154472351,0,"[682373.929759941, 472118252.53619516, 583402514.2812927]","[1, 80, 143]","['averageBytePerNet:[682373.929759941, 5890670.943496142, 4079737.8621069416], numNetworkHighestAverageByte: 1']"
225,1498781160.2625504,"30/06/2017 08:06:00",41250000.0,2,0,5926888,5926888.0,3.1592022361635888,0,15.00856876373291,0,"[682373.929759941, 478045140.53619516, 583402514.2812927]","[1, 81, 143]","['averageBytePerNet:[682373.929759941, 5901478.156702439, 4079737.8621069416], numNetworkHighestAverageByte: 1']"
226,1498781175.271119,"30/06/2017 08:06:15",41250000.0,2,0,6340568,6340568.0,3.379337506137305,0,15.01020359992981,0,"[682373.929759941, 484385708.53619516, 583402514.2812927]","[1, 82, 143]","['averageBytePerNet:[682373.929759941, 5901791.858471545, 4079737.8621069416], numNetworkHighestAverageByte: 1']"
227,1498781190.2813227,"30/06/2017 08:06:30",41250000.0,2,0,6849136,6849136.0,3.6506039382390765,0,15.009321451187134,0,"[682373.929759941, 491234844.53619516, 583402514.2812927]","[1, 83, 143]","['averageBytePerNet:[682373.929759941, 5907142.78702677, 4079737.8621069416], numNetworkHighestAverageByte: 1']"
228,1498781205.2906442,"30/06/2017 08:06:45",41250000.0,2,0,7098000,7098000.0,3.7827829899367567,0,15.011170387268066,0,"[682373.929759941, 498332844.53619516, 583402514.2812927]","[1, 84, 143]","['averageBytePerNet:[682373.929759941, 5918492.102845725, 4079737.8621069416], numNetworkHighestAverageByte: 1']"
229,1498781220.3018146,"30/06/2017 08:07:00",41250000.0,2,0,7063344,7063344.0,3.764785506916746,0,15.009288549423218,0,"[682373.929759941, 505396188.53619516, 583402514.2812927]","[1, 85, 143]","['averageBytePerNet:[682373.929759941, 5932533.863526133, 4079737.8621069416], numNetworkHighestAverageByte: 1']"
230,1498781235.311103,"30/06/2017 08:07:15",41250000.0,2,0,5415520,5415520.0,2.8865947325390753,0,15.008743524551392,0,"[682373.929759941, 510811708.53619516, 583402514.2812927]","[1, 86, 143]","['averageBytePerNet:[682373.929759941, 5945837.512190531, 4079737.8621069416], numNetworkHighestAverageByte: 1']"
231,1498781250.3198466,"30/06/2017 08:07:30",41250000.0,2,0,7394936,7394936.0,3.941605522923086,0,15.008982419967651,0,"[682373.929759941, 518206644.53619516, 583402514.2812927]","[1, 87, 143]","['averageBytePerNet:[682373.929759941, 5939671.029490641, 4079737.8621069416], numNetworkHighestAverageByte: 1']"
232,1498781265.328829,"30/06/2017 08:07:45",41250000.0,2,0,6219160,6219160.0,3.31465849314674,0,15.010077238082886,0,"[682373.929759941, 524425804.53619516, 583402514.2812927]","[1, 88, 143]","['averageBytePerNet:[682373.929759941, 5956398.213059714, 4079737.8621069416], numNetworkHighestAverageByte: 1']"
233,1498781280.3389063,"30/06/2017 08:08:00",41250000.0,2,0,6162688,6162688.0,3.2846626775105627,0,15.009609460830688,0,"[682373.929759941, 530588492.53619516, 583402514.2812927]","[1, 89, 143]","['averageBytePerNet:[682373.929759941, 5959384.142456763, 4079737.8621069416], numNetworkHighestAverageByte: 1']"
234,1498781295.3485157,"30/06/2017 08:08:15",41250000.0,2,0,6704336,6704336.0,3.5733416798677675,0,15.009672403335571,0,"[682373.929759941, 537292828.5361952, 583402514.2812927]","[1, 90, 143]","['averageBytePerNet:[682373.929759941, 5961668.455462867, 4079737.8621069416], numNetworkHighestAverageByte: 1']"
235,1498781310.3581882,"30/06/2017 08:08:30",41250000.0,2,0,6941616,6941616.0,3.6995142315189735,0,15.010870218276978,0,"[682373.929759941, 544234444.5361952, 583402514.2812927]","[1, 91, 143]","['averageBytePerNet:[682373.929759941, 5969920.317068835, 4079737.8621069416], numNetworkHighestAverageByte: 1']"
236,1498781325.3690584,"30/06/2017 08:08:45",41250000.0,2,0,6843248,6843248.0,3.6474164902914574,0,15.009523630142212,0,"[682373.929759941, 551077692.5361952, 583402514.2812927]","[1, 92, 143]","['averageBytePerNet:[682373.929759941, 5980598.29160654, 4079737.8621069416], numNetworkHighestAverageByte: 1']"
237,1498781340.378582,"30/06/2017 08:09:00",41250000.0,2,0,6356720,6356720.0,3.388340548019781,0,15.008455991744995,0,"[682373.929759941, 557434412.5361952, 583402514.2812927]","[1, 93, 143]","['averageBytePerNet:[682373.929759941, 5989974.918871687, 4079737.8621069416], numNetworkHighestAverageByte: 1']"
238,1498781355.387038,"30/06/2017 08:09:15",41250000.0,2,0,5516880,5516880.0,2.940554641931725,0,15.009086847305298,0,"[682373.929759941, 562951292.5361952, 583402514.2812927]","[1, 94, 143]","['averageBytePerNet:[682373.929759941, 5993918.41436769, 4079737.8621069416], numNetworkHighestAverageByte: 1']"
239,1498781370.3961248,"30/06/2017 08:09:30",41250000.0,2,0,6133680,6133680.0,3.269088187419201,0,15.010130405426025,0,"[682373.929759941, 569084972.5361952, 583402514.2812927]","[1, 95, 143]","['averageBytePerNet:[682373.929759941, 5988843.537619097, 4079737.8621069416], numNetworkHighestAverageByte: 1']"
240,1498781385.4062552,"30/06/2017 08:09:45",41250000.0,2,0,5805080,5805080.0,3.0934868774439073,0,15.01239275932312,0,"[682373.929759941, 574890052.5361952, 583402514.2812927]","[1, 96, 143]","['averageBytePerNet:[682373.929759941, 5990368.131959949, 4079737.8621069416], numNetworkHighestAverageByte: 1']"
